/*
 Navicat MySQL Data Transfer

 Source Server         : 101.34.165.180
 Source Server Type    : MySQL
 Source Server Version : 50737
 Source Host           : 101.34.165.180:3306
 Source Schema         : bookstore_boot

 Target Server Type    : MySQL
 Target Server Version : 50737
 File Encoding         : 65001

 Date: 10/05/2022 19:14:28
*/

SET NAMES utf8mb4;
SET FOREIGN_KEY_CHECKS = 0;

-- ----------------------------
-- Table structure for auth_permission
-- ----------------------------
DROP TABLE IF EXISTS `auth_permission`;
CREATE TABLE `auth_permission`  (
  `id` int(11) NOT NULL AUTO_INCREMENT,
  `name` varchar(50) CHARACTER SET utf8 COLLATE utf8_general_ci NOT NULL,
  `description` varchar(128) CHARACTER SET utf8 COLLATE utf8_general_ci NULL DEFAULT NULL,
  PRIMARY KEY (`id`) USING BTREE,
  UNIQUE INDEX `name`(`name`) USING BTREE
) ENGINE = InnoDB AUTO_INCREMENT = 5 CHARACTER SET = utf8 COLLATE = utf8_general_ci ROW_FORMAT = Dynamic;

-- ----------------------------
-- Records of auth_permission
-- ----------------------------
INSERT INTO `auth_permission` VALUES (1, 'user:view', '用户查询');
INSERT INTO `auth_permission` VALUES (2, 'user:create', '用户创建');
INSERT INTO `auth_permission` VALUES (3, 'user:remove', '用户删除');
INSERT INTO `auth_permission` VALUES (4, 'user:update', '用户修改');

-- ----------------------------
-- Table structure for auth_role
-- ----------------------------
DROP TABLE IF EXISTS `auth_role`;
CREATE TABLE `auth_role`  (
  `id` int(11) NOT NULL AUTO_INCREMENT,
  `name` varchar(50) CHARACTER SET utf8 COLLATE utf8_general_ci NOT NULL,
  PRIMARY KEY (`id`) USING BTREE,
  UNIQUE INDEX `name`(`name`) USING BTREE
) ENGINE = InnoDB AUTO_INCREMENT = 4 CHARACTER SET = utf8 COLLATE = utf8_general_ci ROW_FORMAT = Dynamic;

-- ----------------------------
-- Records of auth_role
-- ----------------------------
INSERT INTO `auth_role` VALUES (1, 'ADMIN');
INSERT INTO `auth_role` VALUES (2, 'STAFF');
INSERT INTO `auth_role` VALUES (3, 'USER');

-- ----------------------------
-- Table structure for auth_role_permission
-- ----------------------------
DROP TABLE IF EXISTS `auth_role_permission`;
CREATE TABLE `auth_role_permission`  (
  `id` int(11) NOT NULL AUTO_INCREMENT,
  `role_id` int(11) NOT NULL,
  `permission_id` int(11) NOT NULL,
  PRIMARY KEY (`id`) USING BTREE,
  UNIQUE INDEX `role_id`(`role_id`, `permission_id`) USING BTREE
) ENGINE = InnoDB AUTO_INCREMENT = 9 CHARACTER SET = utf8 COLLATE = utf8_general_ci ROW_FORMAT = Dynamic;

-- ----------------------------
-- Records of auth_role_permission
-- ----------------------------
INSERT INTO `auth_role_permission` VALUES (1, 1, 1);
INSERT INTO `auth_role_permission` VALUES (2, 1, 2);
INSERT INTO `auth_role_permission` VALUES (4, 1, 4);
INSERT INTO `auth_role_permission` VALUES (5, 2, 1);
INSERT INTO `auth_role_permission` VALUES (6, 2, 2);
INSERT INTO `auth_role_permission` VALUES (7, 2, 4);
INSERT INTO `auth_role_permission` VALUES (8, 3, 1);

-- ----------------------------
-- Table structure for auth_user_role
-- ----------------------------
DROP TABLE IF EXISTS `auth_user_role`;
CREATE TABLE `auth_user_role`  (
  `id` int(11) NOT NULL AUTO_INCREMENT,
  `user_id` bigint(20) NOT NULL,
  `role_id` int(11) NOT NULL,
  PRIMARY KEY (`id`) USING BTREE,
  UNIQUE INDEX `user_id`(`user_id`, `role_id`) USING BTREE
) ENGINE = InnoDB AUTO_INCREMENT = 7 CHARACTER SET = utf8 COLLATE = utf8_general_ci ROW_FORMAT = Dynamic;

-- ----------------------------
-- Records of auth_user_role
-- ----------------------------
INSERT INTO `auth_user_role` VALUES (1, 1, 1);
INSERT INTO `auth_user_role` VALUES (3, 1, 3);
INSERT INTO `auth_user_role` VALUES (4, 2, 2);
INSERT INTO `auth_user_role` VALUES (5, 2, 3);
INSERT INTO `auth_user_role` VALUES (6, 3, 3);

-- ----------------------------
-- Table structure for t_address
-- ----------------------------
DROP TABLE IF EXISTS `t_address`;
CREATE TABLE `t_address`  (
  `id` bigint(20) NOT NULL AUTO_INCREMENT,
  `user_id` bigint(20) NOT NULL,
  `province` varchar(20) CHARACTER SET utf8 COLLATE utf8_general_ci NOT NULL,
  `city` varchar(20) CHARACTER SET utf8 COLLATE utf8_general_ci NOT NULL,
  `district` varchar(20) CHARACTER SET utf8 COLLATE utf8_general_ci NOT NULL,
  `detail` varchar(255) CHARACTER SET utf8 COLLATE utf8_general_ci NOT NULL,
  `signer_name` varchar(20) CHARACTER SET utf8 COLLATE utf8_general_ci NOT NULL,
  `signer_mobile` varchar(11) CHARACTER SET utf8 COLLATE utf8_general_ci NOT NULL,
  `create_time` datetime NOT NULL,
  `update_time` datetime NULL DEFAULT NULL,
  PRIMARY KEY (`id`) USING BTREE
) ENGINE = InnoDB AUTO_INCREMENT = 4 CHARACTER SET = utf8 COLLATE = utf8_general_ci ROW_FORMAT = Dynamic;

-- ----------------------------
-- Records of t_address
-- ----------------------------
INSERT INTO `t_address` VALUES (1, 1, '四川省', '成都市', '郫都区', '犀浦镇泰山南街186号', '张三', '19102871575', '2022-05-10 13:31:25', NULL);
INSERT INTO `t_address` VALUES (3, 1, '四川省', '广安市', '广安区', '五星街22号', '张三', '19102871575', '2022-05-10 13:32:41', NULL);

-- ----------------------------
-- Table structure for t_book
-- ----------------------------
DROP TABLE IF EXISTS `t_book`;
CREATE TABLE `t_book`  (
  `id` bigint(20) NOT NULL AUTO_INCREMENT,
  `title` varchar(50) CHARACTER SET utf8 COLLATE utf8_general_ci NOT NULL,
  `isbn` char(13) CHARACTER SET utf8 COLLATE utf8_general_ci NOT NULL,
  `price` decimal(10, 2) NULL DEFAULT 0.00,
  `picture` varchar(255) CHARACTER SET utf8 COLLATE utf8_general_ci NULL DEFAULT NULL,
  `author` varchar(50) CHARACTER SET utf8 COLLATE utf8_general_ci NOT NULL,
  `publisher` varchar(50) CHARACTER SET utf8 COLLATE utf8_general_ci NULL DEFAULT NULL,
  `publish_date` date NULL DEFAULT NULL,
  `description` text CHARACTER SET utf8 COLLATE utf8_general_ci NULL,
  `category_id` int(11) NULL DEFAULT NULL,
  `create_time` datetime NOT NULL,
  `update_time` datetime NULL DEFAULT NULL,
  PRIMARY KEY (`id`) USING BTREE
) ENGINE = InnoDB AUTO_INCREMENT = 503 CHARACTER SET = utf8 COLLATE = utf8_general_ci ROW_FORMAT = Dynamic;

-- ----------------------------
-- Records of t_book
-- ----------------------------
INSERT INTO `t_book` VALUES (1, '沧浪之水', '9787020035250', 26.00, 'media/book/c38c94e70f404d0a8e2a5168a55859e4.jpg', '阎真', '人民文学出版社', '2001-10-01', NULL, 10103, '2022-05-10 09:30:59', NULL);
INSERT INTO `t_book` VALUES (2, '平凡的世界（全三部）', '9787020049295', 64.00, 'media/book/ec3882886dd24945b7f5579e2f70c0d0.jpg', '路遥', '人民文学出版社', '2005-01-01', NULL, 10103, '2022-05-10 09:30:59', NULL);
INSERT INTO `t_book` VALUES (3, '肖申克的救赎', '9787020054985', 29.90, 'media/book/e60c84dde9d24fc5b167c21670b6874d.jpg', '[美] 斯蒂芬·金', '人民文学出版社', '2006-07-01', NULL, 10103, '2022-05-10 09:30:59', NULL);
INSERT INTO `t_book` VALUES (4, '洗澡', '9787020090501', 36.00, 'media/book/c0428f4268cf45c2b709757e6409c13f.jpg', '杨绛', '人民文学出版社', '2004-01-01', NULL, 10001, '2022-05-10 09:30:59', NULL);
INSERT INTO `t_book` VALUES (5, '芳华', '9787020123728', 39.00, 'media/book/869af6d3ffcc4a0c8b13bfc897a283f1.jpg', '[美国] 严歌苓', '人民文学出版社', '2017-04-01', NULL, 10001, '2022-05-10 09:30:59', NULL);
INSERT INTO `t_book` VALUES (6, '约翰·克利斯朵夫', '9787020124756', 88.00, 'media/book/ee7061608f394d60a99d1c573405bd96.jpg', '[法] 罗曼·罗兰', '人民文学出版社', '2018-08-01', NULL, 10001, '2022-05-10 09:30:59', NULL);
INSERT INTO `t_book` VALUES (7, '新名字的故事', '9787020125265', 59.00, 'media/book/ae11befddc2d494bb720f3fc9b03fa9e.jpg', '[意] 埃莱娜·费兰特', '人民文学出版社', '2017-04-01', NULL, 10103, '2022-05-10 09:30:59', NULL);
INSERT INTO `t_book` VALUES (8, '家庭生活', '9787020164837', 39.00, 'media/book/667de3c10b074a3ba293e7cea9b8fab1.jpg', '', '人民文学出版社', '2021-02-01', NULL, 10008, '2022-05-10 09:30:59', NULL);
INSERT INTO `t_book` VALUES (9, '神经动力学模型方法和应用', '9787030087829', 28.00, 'media/book/0464ed4802284cc7a3b270ce6fd4bd30.jpg', '', '科学出版社', '2002-04-01', NULL, 10143, '2022-05-10 09:31:00', NULL);
INSERT INTO `t_book` VALUES (10, '细胞神经网络动力学', '9787030181091', 45.00, 'media/book/661f0a9a03d242f1be6037a989d5a3c7.jpg', '', '', '2007-04-01', NULL, 10143, '2022-05-10 09:31:00', NULL);
INSERT INTO `t_book` VALUES (11, 'CSS网站布局实录（第2版）', '9787030193421', 39.00, 'media/book/ad8ae88e50414389a2b0536b67fb7318.jpg', '李超', '科学出版社', '2007-09-01', NULL, 10139, '2022-05-10 09:31:00', NULL);
INSERT INTO `t_book` VALUES (12, '人工神经网络导论', '9787040101973', 12.40, 'media/book/dd2ce94c67b3467ca22f458109bf9f23.jpg', '', '高等教育出版社', '2002-12-01', NULL, 10143, '2022-05-10 09:31:00', NULL);
INSERT INTO `t_book` VALUES (13, '神经网络', '9787040265446', 37.00, 'media/book/e851ec1d73684d60a1f9c7db820472aa.jpg', '', '高等教育出版社', '2009-05-01', NULL, 10143, '2022-05-10 09:31:00', NULL);
INSERT INTO `t_book` VALUES (14, '进化心理学(第4版)', '9787100110532', 88.00, 'media/book/f99ea48320aa46f09667c4afb649283e.jpg', '[美] 戴维·巴斯', '商务印书馆', '2015-09-01', NULL, 10065, '2022-05-10 09:31:00', NULL);
INSERT INTO `t_book` VALUES (15, '古文观止', '9787101000290', 21.00, 'media/book/11436789d7594ea5aa8efec4a5cd59a4.jpg', '', '中华书局', '1987-01-01', NULL, 10084, '2022-05-10 09:31:00', NULL);
INSERT INTO `t_book` VALUES (16, '古代汉语（第一册）', '9787101000825', 16.00, 'media/book/48f5f61d6b2040b99597225169d09772.jpg', '王力 主编', '中华书局', '1999-05-01', NULL, 10084, '2022-05-10 09:31:00', NULL);
INSERT INTO `t_book` VALUES (17, '说文解字', '9787101002607', 24.00, 'media/book/2bb0aa9414cd423dbbab95226072660b.jpg', '[汉] 许慎 撰', '中华书局', '1963-12-01', NULL, 10084, '2022-05-10 09:31:00', NULL);
INSERT INTO `t_book` VALUES (18, '老子注译及评介', '9787101004137', 46.00, 'media/book/7605275421f34699bb7e6c75b01382f5.jpg', '陈鼓应', '中华书局', '2009-02-01', NULL, 10084, '2022-05-10 09:31:00', NULL);
INSERT INTO `t_book` VALUES (19, '大学·中庸', '9787101052763', 9.00, 'media/book/1f41672a8f994f4ebd9bfb4e2f3cb0fb.jpg', '', '中华书局', '2006-10-01', NULL, 10084, '2022-05-10 09:31:00', NULL);
INSERT INTO `t_book` VALUES (20, '周易', '9787101052770', 22.00, 'media/book/e763db97ab7b4b9f83890b2e3d09bb12.jpg', '', '中华书局', '2006-09-01', NULL, 10084, '2022-05-10 09:31:00', NULL);
INSERT INTO `t_book` VALUES (21, '论语', '9787101054187', 9.80, 'media/book/a5630ca16d8a426fb5fc04a8589943e1.jpg', '', '中华书局', '2006-12-01', NULL, 10084, '2022-05-10 09:31:00', NULL);
INSERT INTO `t_book` VALUES (22, '庄子', '9787101055207', 20.00, 'media/book/21924d0f766d48b0bd6a7bcb216ef005.jpg', '', '中华书局', '2007-04-01', NULL, 10084, '2022-05-10 09:31:01', NULL);
INSERT INTO `t_book` VALUES (23, '围炉夜话', '9787101062069', 21.00, 'media/book/37344145dbe1456d98126e3c18b8c099.jpg', '王永彬', '中华书局', '2008-09-23', NULL, 10084, '2022-05-10 09:31:01', NULL);
INSERT INTO `t_book` VALUES (24, '论语译注', '9787101070248', 22.00, 'media/book/e119d58cf35248e3a1347c2a15438410.jpg', '', '中华书局', '2009-10-01', NULL, 10084, '2022-05-10 09:31:01', NULL);
INSERT INTO `t_book` VALUES (25, '春秋左传注（全四册）', '9787101070743', 178.00, 'media/book/9d7608833c2b44749dd542b921c0d686.jpg', '', '中华书局', '2009-10-01', NULL, 10084, '2022-05-10 09:31:01', NULL);
INSERT INTO `t_book` VALUES (26, '黄帝内经（上下）', '9787101072549', 80.00, 'media/book/d85fb17a4365435088a1b754c37053a6.jpg', '', '中华书局', '2010-06-01', NULL, 10084, '2022-05-10 09:31:01', NULL);
INSERT INTO `t_book` VALUES (27, '庄子', '9787101072556', 34.00, 'media/book/458558322b5043bcabee0ce05ea6a8c8.jpg', '', '中华书局', '2010-06-01', NULL, 10084, '2022-05-10 09:31:01', NULL);
INSERT INTO `t_book` VALUES (28, '孟子', '9787101072754', 18.00, 'media/book/21b258a5427d47f6be3ab03bdf609b7d.jpg', '', '中华书局', '2010-06-01', NULL, 10084, '2022-05-10 09:31:01', NULL);
INSERT INTO `t_book` VALUES (29, '周易', '9787101077377', 40.00, 'media/book/a76423331847464a96a90823a116f711.jpg', '', '中华书局', '2011-03-01', NULL, 10084, '2022-05-10 09:31:01', NULL);
INSERT INTO `t_book` VALUES (30, '论语·大学·中庸', '9787101077490', 21.00, 'media/book/44cca43d9c2a430aae90126edd21da69.jpg', '', '中华书局', '2011-03-01', NULL, 10084, '2022-05-10 09:31:01', NULL);
INSERT INTO `t_book` VALUES (31, '古文观止（套装上下册）', '9787101078985', 60.00, 'media/book/e91ad7fce63d4f87b74b7ccd45ff2b71.jpg', '', '中华书局', '2011-05-01', NULL, 10084, '2022-05-10 09:31:01', NULL);
INSERT INTO `t_book` VALUES (32, '抱朴子内篇', '9787101080742', 42.00, 'media/book/f23b92bfc8794d738cc75a555719593e.jpg', '', '中华书局', '2011-09-01', NULL, 10084, '2022-05-10 09:31:01', NULL);
INSERT INTO `t_book` VALUES (33, '孙子兵法', '9787101080759', 18.00, 'media/book/207dda42882a410cb8e90eb92647806b.jpg', '', '中华书局', '2011-09-01', NULL, 10084, '2022-05-10 09:31:01', NULL);
INSERT INTO `t_book` VALUES (34, '资治通鉴', '9787101081121', 498.00, 'media/book/bf69ddf9dd51420d87f4ded59eb1b946.jpg', '', '中华书局', '2011-08-01', NULL, 10084, '2022-05-10 09:31:01', NULL);
INSERT INTO `t_book` VALUES (35, '十一家注孙子', '9787101081183', 27.00, 'media/book/c44a52f3f9ce43bbab4a976cda75ed2b.jpg', '', '中华书局', '2012-02-01', NULL, 10084, '2022-05-10 09:31:01', NULL);
INSERT INTO `t_book` VALUES (36, '吕氏春秋', '9787101081206', 63.00, 'media/book/8336f92709fc4d768ce185014453ae46.jpg', '', '中华书局', '2011-09-01', NULL, 10084, '2022-05-10 09:31:01', NULL);
INSERT INTO `t_book` VALUES (37, '文心雕龙', '9787101085693', 38.00, 'media/book/8fa4edb2890e44d2ad046014af0ea683.jpg', '', '中华书局', '2012-06-01', NULL, 10084, '2022-05-10 09:31:02', NULL);
INSERT INTO `t_book` VALUES (38, '增广贤文', '9787101091694', 21.00, 'media/book/57310d8481c2477dbc3d9d823cf3105c.jpg', '', '中华书局', '2013-11-01', NULL, 10084, '2022-05-10 09:31:02', NULL);
INSERT INTO `t_book` VALUES (39, '春秋左传注(修订本)', '9787101115970', 198.00, 'media/book/15eed761643b4714a4dee695fe17dd50.jpg', '杨伯峻', '中华书局', '2017-01-01', NULL, 10084, '2022-05-10 09:31:02', NULL);
INSERT INTO `t_book` VALUES (40, '论语译注', '9787101135763', 39.00, 'media/book/519c245083694b7c81a7d677f9c43dcc.jpg', '', '中华书局', '2018-11-19', NULL, 10084, '2022-05-10 09:31:02', NULL);
INSERT INTO `t_book` VALUES (41, '图文中国史', '9787101146752', 99.00, 'media/book/469296d025a745d7afd195574a3d4d84.jpg', '', '中华书局', '2020-10-01', NULL, 10084, '2022-05-10 09:31:02', NULL);
INSERT INTO `t_book` VALUES (42, '增广贤文（中华经典名著全本全注全译）', '9787101150827', 24.00, 'media/book/a7d7da5f9ff74d78a500fd6e28d706ab.jpg', '', '中华书局', '2021-03-01', NULL, 10084, '2022-05-10 09:31:02', NULL);
INSERT INTO `t_book` VALUES (43, '道德经', '9787101151596', 30.00, 'media/book/0f232cbd2e2c4e3a811a3ab1bead0895.jpg', '张景、张松辉 译注', '中华书局', '2021-05-01', NULL, 10084, '2022-05-10 09:31:02', NULL);
INSERT INTO `t_book` VALUES (44, '隋唐制度渊源略论稿 唐代政治史述论稿', '9787108009418', 40.00, 'media/book/9dee5cb0879146d1b6644ac8e0b18ff5.jpg', '陈寅恪', '生活·读书·新知三联书店', '2001-04-01', NULL, 10084, '2022-05-10 09:31:02', NULL);
INSERT INTO `t_book` VALUES (45, '老饕漫笔', '9787108015235', 15.50, 'media/book/bae154c94f2a43308f86802473eee3b9.jpg', '赵珩', '生活·读书·新知三联书店', '2001-07-01', NULL, 10008, '2022-05-10 09:31:02', NULL);
INSERT INTO `t_book` VALUES (46, '写在人生边上 人生边上的边上 石语', '9787108017260', 27.00, 'media/book/3068f574b8544eee81c53e3b40384bd4.jpg', '钱锺书', '生活·读书·新知三联书店', '2002-10-01', NULL, 10008, '2022-05-10 09:31:02', NULL);
INSERT INTO `t_book` VALUES (47, '我们仨', '9787108018809', 18.80, 'media/book/166bfc9d10bc4d7099a93059cc852066.jpg', '', '生活·读书·新知三联书店', '2003-07-01', NULL, 10008, '2022-05-10 09:31:02', NULL);
INSERT INTO `t_book` VALUES (48, '中国古代思想史论', '9787108028976', 35.00, 'media/book/d6b1b9159a2a49faa0a31521604f613b.jpg', '李泽厚', '生活·读书·新知三联书店', '2008-06-01', NULL, 10084, '2022-05-10 09:31:02', NULL);
INSERT INTO `t_book` VALUES (49, '中国近代思想史论', '9787108028983', 49.00, 'media/book/53163f4a89744ef9b77937f067d2255d.jpg', '李泽厚', '生活·读书·新知三联书店', '2008-06-01', NULL, 10084, '2022-05-10 09:31:02', NULL);
INSERT INTO `t_book` VALUES (50, '朱熹的历史世界', '9787108037008', 78.00, 'media/book/a5b1b4f795bd4c46afdcb138fbb8e2a0.jpg', '余英时', '生活·读书·新知三联书店', '2011-07-01', NULL, 10084, '2022-05-10 09:31:02', NULL);
INSERT INTO `t_book` VALUES (51, '论语新解', '9787108040411', 39.00, 'media/book/97c58dbdd97c4b5a90e4dda3cff61c1a.jpg', '钱穆', '生活·读书·新知三联书店', '2012-07-01', NULL, 10084, '2022-05-10 09:31:02', NULL);
INSERT INTO `t_book` VALUES (52, '闲有家', '9787108073112', 49.00, 'media/book/03aef71f60a84a6e8fbf132b6821193f.jpg', '', '', '2022-02-01', NULL, 10103, '2022-05-10 09:31:02', NULL);
INSERT INTO `t_book` VALUES (53, '程序设计实践', '9787111075738', 20.00, 'media/book/9646e13e837e4d64ab51d811c8293903.jpg', '[美] Brian W. Kernighan', '机械工业出版社', '2000-08-01', NULL, 10134, '2022-05-10 09:31:03', NULL);
INSERT INTO `t_book` VALUES (54, '编码的奥秘', '9787111080787', 24.00, 'media/book/e6a2c495f91c467bbfa51d2e985ed891.jpg', 'Charles Petzold', '机械工业出版社', '2000-09-01', NULL, 10134, '2022-05-10 09:31:03', NULL);
INSERT INTO `t_book` VALUES (55, '学习GNU Emacs', '9787111103486', 68.00, 'media/book/c9f0995a8a3340748b79c3c679041327.jpg', '[美] Debra Cameron', '机械工业出版社', '2003-01-01', NULL, 10134, '2022-05-10 09:31:03', NULL);
INSERT INTO `t_book` VALUES (56, '神经网络设计', '9787111108412', 69.00, 'media/book/572ddb3036074acb8095026884d67e98.jpg', '', '机械工业出版社', '2002-08-01', NULL, 10143, '2022-05-10 09:31:03', NULL);
INSERT INTO `t_book` VALUES (57, '数据结构与算法分析', '9787111127482', 35.00, 'media/book/0d8d1c4cc8c8466db75c372354ad7e4d.jpg', 'Mark Allen Weiss (维斯)', '机械工业出版社', '2004-01-01', NULL, 10134, '2022-05-10 09:31:03', NULL);
INSERT INTO `t_book` VALUES (58, 'GUI设计禁忌', '9787111156666', 49.00, 'media/book/82af688bb2804c6596b3f9beaff4206f.jpg', '', '机械工业出版社', '2005-02-01', NULL, 10139, '2022-05-10 09:31:03', NULL);
INSERT INTO `t_book` VALUES (59, 'C++编程思想第2卷', '9787111171157', 59.00, 'media/book/a3fcd0ac24144d82882168bea651eac4.jpg', '埃克尔', '机械工业出版社', '2006-01-01', NULL, 10134, '2022-05-10 09:31:03', NULL);
INSERT INTO `t_book` VALUES (60, '计算机程序设计艺术：第1卷 第1册（双语版）', '9787111180319', 45.00, 'media/book/5cf993008b9f411581af39f1f1bdbcd8.jpg', 'Donald E.Knuth', '机械工业出版社', '2006-04-01', NULL, 10134, '2022-05-10 09:31:03', NULL);
INSERT INTO `t_book` VALUES (61, 'PHP和MySQL Web应用开发核心技术', '9787111192367', 78.00, 'media/book/8c6c532da88b4567ac5dcec15d4733a4.jpg', '', '机械工业出版社', '2006-09-01', NULL, 10139, '2022-05-10 09:31:03', NULL);
INSERT INTO `t_book` VALUES (62, '数据库重构', '9787111202097', 32.00, 'media/book/cfd86bd2090d44eb91312be06e25f688.jpg', '安布勒', '机械工业出版社', '2007-01-01', NULL, 10134, '2022-05-10 09:31:03', NULL);
INSERT INTO `t_book` VALUES (63, '学习Web设计', '9787111238768', 65.00, 'media/book/864d7a0e5d6c4ad0bc1d6efbdd7bbaa3.jpg', '罗宾斯', '机械工业出版社', '2009-01-01', NULL, 10139, '2022-05-10 09:31:03', NULL);
INSERT INTO `t_book` VALUES (64, 'MATLAB神经网络应用设计', '9787111256120', 39.00, 'media/book/1d56a14324214d59930317d544c74a51.jpg', '', '机械工业出版社', '2009-01-01', NULL, 10143, '2022-05-10 09:31:03', NULL);
INSERT INTO `t_book` VALUES (65, '神经网络与机器学习', '9787111265283', 69.00, 'media/book/7bda19e899214cc687acb2936b7f8aea.jpg', '', '机械工业出版社', '2009-03-01', NULL, 10143, '2022-05-10 09:31:03', NULL);
INSERT INTO `t_book` VALUES (66, '神经网络在应用科学和工程中的应用', '9787111275855', 88.00, 'media/book/a1715f6c501642cb830871708d4a85d4.jpg', '', '机械工业出版社', '2010-01-01', NULL, 10143, '2022-05-10 09:31:03', NULL);
INSERT INTO `t_book` VALUES (67, '数据、模型与决策', '9787111278009', 75.00, 'media/book/ea49ca84adf14f1eb4befa811f8b7ad1.jpg', '（美）安德森', '机械工业出版社', '2009-08-01', NULL, 10134, '2022-05-10 09:31:03', NULL);
INSERT INTO `t_book` VALUES (68, 'C++程序设计原理与实践', '9787111282488', 89.00, 'media/book/062455029a8b454f887d5d993eca0bfb.jpg', 'Bjarne Stroustrup', '机械工业出版社', '2009-10-01', NULL, 10134, '2022-05-10 09:31:04', NULL);
INSERT INTO `t_book` VALUES (69, 'MATLAB/Simulink建模与仿真实例精讲', '9787111293262', 46.00, 'media/book/17c0e7503418401b9608d8a82c2f47f1.jpg', '', '机械工业出版社', '2010-01-01', NULL, 10143, '2022-05-10 09:31:04', NULL);
INSERT INTO `t_book` VALUES (70, 'C++程序设计语言', '9787111298854', 99.00, 'media/book/20223e48d8314d5787cf1a8e0ac7c4fe.jpg', 'Bjarne Stroustrup', '机械工业出版社', '2010-03-01', NULL, 10134, '2022-05-10 09:31:04', NULL);
INSERT INTO `t_book` VALUES (71, '人工神经网络原理', '9787111312666', 25.00, 'media/book/99b2ab0660bd461d97811a27ca16a642.jpg', '', '机械工业出版社', '2010-09-01', NULL, 10143, '2022-05-10 09:31:04', NULL);
INSERT INTO `t_book` VALUES (72, 'MATLAB神经网络应用设计', '9787111313137', 37.00, 'media/book/4394c0dff15a49c6b2a770a366bd3b08.jpg', '', '机械工业出版社', '2010-09-01', NULL, 10143, '2022-05-10 09:31:04', NULL);
INSERT INTO `t_book` VALUES (73, '深入理解计算机系统（原书第2版）', '9787111321330', 99.00, 'media/book/10d027dcd5d8495d83a349e77473ecfe.jpg', '[美] Randal E.Bryant', '机械工业出版社', '2011-01-01', NULL, 10134, '2022-05-10 09:31:04', NULL);
INSERT INTO `t_book` VALUES (74, '神经网络与机器学习（原书第3版）', '9787111324133', 79.00, 'media/book/c90142b492f4466792dcc73d45f0b431.jpg', '', '机械工业出版社', '2011-03-01', NULL, 10143, '2022-05-10 09:31:04', NULL);
INSERT INTO `t_book` VALUES (75, '编译原理', '9787111326748', 78.00, 'media/book/0db96de1015d4a9283e8e5e984807431.jpg', 'Alfred V. Aho', '机械工业出版社', '2011-01-01', NULL, 10134, '2022-05-10 09:31:04', NULL);
INSERT INTO `t_book` VALUES (76, '用户体验要素', '9787111348665', 39.00, 'media/book/afa09accad644c6283d2837da44ad69b.jpg', 'Jesse James Garrett', '机械工业出版社', '2011-07-01', NULL, 10139, '2022-05-10 09:31:04', NULL);
INSERT INTO `t_book` VALUES (77, '算法导论（原书第3版）', '9787111407010', 128.00, 'media/book/1ac2eceae4934d4eaf9fd630ce08aca1.jpg', 'Thomas H.Cormen', '机械工业出版社', '2012-12-01', NULL, 10134, '2022-05-10 09:31:04', NULL);
INSERT INTO `t_book` VALUES (78, 'NoSQL精粹', '9787111433033', 49.00, 'media/book/9bbf28cb5e544f3aa1fe566bf5ae4f03.jpg', '[美]Pramod J. Sadalage', '机械工业出版社', '2013-08-01', NULL, 10134, '2022-05-10 09:31:04', NULL);
INSERT INTO `t_book` VALUES (79, '人件（原书第3版）', '9787111474364', 69.00, 'media/book/e0e6b56f0cb349d59d0cd11cbd0a9d6e.jpg', '[美] Tom DeMarco', '机械工业出版社', '2014-08-01', NULL, 10134, '2022-05-10 09:31:04', NULL);
INSERT INTO `t_book` VALUES (80, '干法', '9787111498247', 39.00, 'media/book/e7a1a8fa2bb64c7c9e47320a0b95f0b6.jpg', '[日] 稻盛和夫', '机械工业出版社', '2015-05-01', NULL, 10103, '2022-05-10 09:31:04', NULL);
INSERT INTO `t_book` VALUES (81, '计算机组成与设计（原书第5版）', '9787111504825', 99.00, 'media/book/d8cbd9d2b5084c5d95325fc6f6915b70.jpg', '戴维 A.帕特森 (David A.Patterson)', '机械工业出版社', '2015-07-01', NULL, 10134, '2022-05-10 09:31:04', NULL);
INSERT INTO `t_book` VALUES (82, 'Python数据分析与挖掘实战', '9787111521235', 69.00, 'media/book/df152a37210249718d2c583fa55ef7fd.jpg', '张良均', '机械工业出版社', '2016-01-01', NULL, 10134, '2022-05-10 09:31:04', NULL);
INSERT INTO `t_book` VALUES (83, '数据结构与算法分析', '9787111528395', 69.00, 'media/book/a7734adbb5ae4937b831a25fb9d33f3e.jpg', '韦斯 (Mark Allen Weiss)', '机械工业出版社', '2016-03-01', NULL, 10134, '2022-05-10 09:31:04', NULL);
INSERT INTO `t_book` VALUES (84, '深度学习:方法及应用', '9787111529064', 25.40, 'media/book/596e08adf6454413b2d9bbded7f3a0e8.jpg', '', '机械工业出版社', '2016-03-01', NULL, 10143, '2022-05-10 09:31:04', NULL);
INSERT INTO `t_book` VALUES (85, '身体从未忘记', '9787111532637', 55.00, 'media/book/907322154ce147b8a28ce44ebb5890f4.jpg', '', '机械工业出版社', '2016-03-01', NULL, 10065, '2022-05-10 09:31:04', NULL);
INSERT INTO `t_book` VALUES (86, '深入理解计算机系统（原书第3版）', '9787111544937', 139.00, 'media/book/1bf8436822b84667ba68d0a77df2dcf0.jpg', 'Randal E.Bryant', '机械工业出版社', '2016-11-01', NULL, 10134, '2022-05-10 09:31:04', NULL);
INSERT INTO `t_book` VALUES (87, '红书', '9787111551447', 199.00, 'media/book/f5386ec5439f4fd5ab140b8b192afbd8.jpg', '', '机械工业出版社', '2016-12-01', NULL, 10065, '2022-05-10 09:31:05', NULL);
INSERT INTO `t_book` VALUES (88, '当尼采哭泣', '9787111555377', 49.00, 'media/book/7bbec328b6ab449895aa48f99d01b64c.jpg', '', '机械工业出版社', '2017-03-01', NULL, 10065, '2022-05-10 09:31:05', NULL);
INSERT INTO `t_book` VALUES (89, 'python学习手册（原书第5版）', '9787111603665', 219.00, 'media/book/dae743dd4fb8469786930665af9938ae.jpg', '马克·卢茨', '机械工业出版社', '2018-10-01', NULL, 10134, '2022-05-10 09:31:05', NULL);
INSERT INTO `t_book` VALUES (90, 'Effective Java中文版（第3版）', '9787111612728', 119.00, 'media/book/a903f384bb1340efb89bb80c27b0dd1a.jpg', '[美] Joshua Bloch', '机械工业出版社', '2018-12-11', NULL, 10134, '2022-05-10 09:31:05', NULL);
INSERT INTO `t_book` VALUES (91, '计算机程序的构造和解释（原书第2版）', '9787111630548', 79.00, 'media/book/87cf6e32c7e74c2d822596ff98d6c64f.jpg', '[美] Harold Abelson', '机械工业出版社', '2019-07-01', NULL, 10134, '2022-05-10 09:31:05', NULL);
INSERT INTO `t_book` VALUES (92, 'Python深度学习：基于PyTorch', '9787111637172', 89.00, 'media/book/362c6bb9f1b5497bbb4f6761ad5ec81a.jpg', '', '机械工业出版社', '2019-11-01', NULL, 10143, '2022-05-10 09:31:05', NULL);
INSERT INTO `t_book` VALUES (93, '深入理解Java虚拟机（第3版）', '9787111641247', 129.00, 'media/book/90a856a1ea55466cad598643da5f1990.jpg', '周志明', '机械工业出版社', '2019-12-01', NULL, 10134, '2022-05-10 09:31:05', NULL);
INSERT INTO `t_book` VALUES (94, '神经网络与深度学习', '9787111649687', 149.00, 'media/book/96593ea259684701a782ba52c99fa716.jpg', '', '机械工业出版社', '2020-04-10', NULL, 10143, '2022-05-10 09:31:05', NULL);
INSERT INTO `t_book` VALUES (95, '机器学习实战（原书第2版）', '9787111665977', 149.00, 'media/book/e0f17749a3dc4d5f94d7bdffef2fc725.jpg', '', '机械工业出版社', '2020-10-01', NULL, 10143, '2022-05-10 09:31:05', NULL);
INSERT INTO `t_book` VALUES (96, '《30岁之前，活成你想要的样子》', '9787113287771', 69.00, 'media/book/00e3692bca51482195e6bda0f5816994.jpg', '', '中国铁道出版社', '2022-03-01', NULL, 10103, '2022-05-10 09:31:05', NULL);
INSERT INTO `t_book` VALUES (97, '心理学与生活', '9787115111302', 88.00, 'media/book/a53bc55f9bd643aaac6f05b80abe853b.jpg', '', '人民邮电出版社', '2003-10-01', NULL, 10065, '2022-05-10 09:31:05', NULL);
INSERT INTO `t_book` VALUES (98, 'C Primer Plus', '9787115130228', 60.00, 'media/book/dc426d46e45340aab7b6254418b67cda.jpg', 'Stephen Prata', '人民邮电出版社', '2005-02-01', NULL, 10134, '2022-05-10 09:31:05', NULL);
INSERT INTO `t_book` VALUES (99, '社会心理学', '9787115138804', 68.00, 'media/book/a02ba61c486c462f8d3d0cdde0b82b9c.jpg', '[美] 戴维·迈尔斯', '人民邮电出版社', '2006-01-01', NULL, 10065, '2022-05-10 09:31:05', NULL);
INSERT INTO `t_book` VALUES (100, '数据结构与算法分析', '9787115139238', 49.00, 'media/book/bbed7123eee544a5b5de3fecef2f0b21.jpg', '[美]Mark Allen Weiss', '人民邮电出版社', '2007-01-01', NULL, 10134, '2022-05-10 09:31:05', NULL);
INSERT INTO `t_book` VALUES (101, 'Ajax基础教程', '9787115144812', 35.00, 'media/book/5b1116a96c84473fa017f968926a8a57.jpg', '', '人民邮电出版社', '2006-02-01', NULL, 10139, '2022-05-10 09:31:05', NULL);
INSERT INTO `t_book` VALUES (102, 'PHP与MySQL 5程序设计（第2版）', '9787115155092', 79.00, 'media/book/4a54aedca86d4fa6a73c218e367dd06e.jpg', '', '人民邮电出版社', '2007-01-01', NULL, 10139, '2022-05-10 09:31:05', NULL);
INSERT INTO `t_book` VALUES (103, 'HTML XHTML CSS 基础教程（第6版）', '9787115162083', 59.00, 'media/book/ef6a6735b6b048dcba94c8495e1860c4.jpg', '', '人民邮电出版社', '2007-08-01', NULL, 10139, '2022-05-10 09:31:05', NULL);
INSERT INTO `t_book` VALUES (104, '修改代码的艺术', '9787115163622', 59.00, 'media/book/95109add5b7148ea8b2eec7c31f98f29.jpg', 'Michael Feathers', '人民邮电出版社', '2007-09-25', NULL, 10134, '2022-05-10 09:31:05', NULL);
INSERT INTO `t_book` VALUES (105, '态度改变与社会影响', '9787115170835', 68.00, 'media/book/b533ade7085b404188e1bcf10dc0e768.jpg', '', '人民邮电出版社', '2007-11-01', NULL, 10065, '2022-05-10 09:31:05', NULL);
INSERT INTO `t_book` VALUES (106, 'Web标准实战', '9787115178220', 39.00, 'media/book/475cbb47f49845a9b8613561d7ff8183.jpg', '', '人民邮电出版社', '2008-05-01', NULL, 10139, '2022-05-10 09:31:06', NULL);
INSERT INTO `t_book` VALUES (107, '编程珠玑', '9787115179289', 39.00, 'media/book/6c35b58787354f908a3c6e6055af879b.jpg', '[美] Jon Bentley', '人民邮电出版社', '2008-10-01', NULL, 10134, '2022-05-10 09:31:06', NULL);
INSERT INTO `t_book` VALUES (108, 'Web数据挖掘', '9787115194046', 59.00, 'media/book/8852db03a90b4c2ab9f129a0d2695ab9.jpg', '', '人民邮电出版社', '2009-02-01', NULL, 10139, '2022-05-10 09:31:06', NULL);
INSERT INTO `t_book` VALUES (109, '黑客攻防技术宝典', '9787115210777', 69.00, 'media/book/1ad860c32aec407b9c3d0cbdd94002fd.jpg', '', '人民邮电出版社', '2009-08-01', NULL, 10139, '2022-05-10 09:31:06', NULL);
INSERT INTO `t_book` VALUES (110, '代码整洁之道', '9787115216878', 59.00, 'media/book/ec90ee7e48114961afba7db1abd8a8fd.jpg', '[美]Robert C. Martin', '人民邮电出版社', '2010-01-01', NULL, 10134, '2022-05-10 09:31:06', NULL);
INSERT INTO `t_book` VALUES (111, '鸟哥的Linux私房菜', '9787115226266', 88.00, 'media/book/73b5f4b2006b46259ed78d953e8e5bc9.jpg', '鸟哥', '人民邮电出版社', '2010-06-28', NULL, 10134, '2022-05-10 09:31:06', NULL);
INSERT INTO `t_book` VALUES (112, 'UNIX网络编程 : 第2版. 第2卷， 进程间通信(中文版)', '9787115230287', 89.00, 'media/book/bded81f812fb4bc08d9eb6621fca2696.jpg', '(美)W. Richard Stevens', '人民邮电出版社', '2010-07-01', NULL, 10134, '2022-05-10 09:31:06', NULL);
INSERT INTO `t_book` VALUES (113, '改变心理学的40项研究', '9787115233707', 28.00, 'media/book/7261d1ec52f44d7b902d42c3c74b910e.jpg', '罗杰•霍克 (Roger R. Hock)', '人民邮电出版社', '2010-08-01', NULL, 10065, '2022-05-10 09:31:06', NULL);
INSERT INTO `t_book` VALUES (114, '网站设计解构', '9787115233752', 59.00, 'media/book/474306af06524ced861720ebf60501bf.jpg', '', '人民邮电出版社', '2010-09-01', NULL, 10139, '2022-05-10 09:31:06', NULL);
INSERT INTO `t_book` VALUES (115, '计算机程序设计艺术（第2卷 英文版·第3版）', '9787115235268', 119.00, 'media/book/259d234bd531442fb3d5bc558abc8bfe.jpg', 'Donald E.Knuth', '人民邮电出版社', '2010-10-01', NULL, 10134, '2022-05-10 09:31:06', NULL);
INSERT INTO `t_book` VALUES (116, '网页设计创意书', '9787115238351', 45.00, 'media/book/14867f817e5e45c195ed1ef57fd74f1c.jpg', '', '人民邮电出版社', '2010-10-15', NULL, 10139, '2022-05-10 09:31:06', NULL);
INSERT INTO `t_book` VALUES (117, '编程人生', '9787115239075', 79.00, 'media/book/57e5d260454d4d37b1117187e6778092.jpg', 'Peter Seibel', '人民邮电出版社', '2011-01-01', NULL, 10134, '2022-05-10 09:31:06', NULL);
INSERT INTO `t_book` VALUES (118, '程序员的思维修炼', '9787115242334', 39.00, 'media/book/9cbb084c66de424987f3c922e9ee070f.jpg', '[美] Andy Hunt', '人民邮电出版社', '2010-12-10', NULL, 10134, '2022-05-10 09:31:06', NULL);
INSERT INTO `t_book` VALUES (119, '代码整洁之道', '9787115244901', 59.00, 'media/book/fef255a18e304a70bf02ccfb7589668c.jpg', '马丁', '人民邮电出版社', '2011-01-01', NULL, 10134, '2022-05-10 09:31:06', NULL);
INSERT INTO `t_book` VALUES (120, 'Web表单设计', '9787115246684', 35.00, 'media/book/ae966556d606429b83c6401bfff26fdf.jpg', '', '人民邮电出版社', '2011-03-01', NULL, 10139, '2022-05-10 09:31:06', NULL);
INSERT INTO `t_book` VALUES (121, '亲密关系（第5版）', '9787115246882', 68.00, 'media/book/0e9e713421ab4de4aee2f61a7809d243.jpg', '', '人民邮电出版社', '2011-01-01', NULL, 10065, '2022-05-10 09:31:06', NULL);
INSERT INTO `t_book` VALUES (122, '黑客与画家', '9787115249494', 49.00, 'media/book/30b078110b4948b4bfdf6f79ad9d80f6.jpg', '[美] Paul Graham', '人民邮电出版社', '2011-04-01', NULL, 10134, '2022-05-10 09:31:06', NULL);
INSERT INTO `t_book` VALUES (123, 'JavaScript DOM编程艺术 （第2版）', '9787115249999', 49.00, 'media/book/4d0376ddca3d4695908e5210d9177f38.jpg', '[英] Jeremy Keith', '人民邮电出版社', '2011-04-01', NULL, 10134, '2022-05-10 09:31:06', NULL);
INSERT INTO `t_book` VALUES (124, '松本行弘的程序世界', '9787115255075', 75.00, 'media/book/01ee40df76d84f39b20faca0a7ed9905.jpg', '松本行弘', '人民邮电出版社', '2011-08-01', NULL, 10134, '2022-05-10 09:31:06', NULL);
INSERT INTO `t_book` VALUES (125, '对伪心理学说不', '9787115263254', 28.00, 'media/book/fa042ccdcabd41939a6e3e2084024af4.jpg', '[加拿大] 基思·斯坦诺维奇', '人民邮电出版社', '2012-01-01', NULL, 10065, '2022-05-10 09:31:06', NULL);
INSERT INTO `t_book` VALUES (126, '实用Common Lisp编程', '9787115263742', 89.00, 'media/book/a27088b193cd4d08bc5bbaed3f27c046.jpg', 'Peter Seibel', '人民邮电出版社', '2011-10-01', NULL, 10134, '2022-05-10 09:31:07', NULL);
INSERT INTO `t_book` VALUES (127, '计算机程序设计艺术,卷4A：组合算法（一）（英文版）', '9787115270504', 129.00, 'media/book/a8a4c7359c3a4541a8d998848b1b0f90.jpg', 'Donald E. Knuth', '人民邮电出版社', '2012-02-01', NULL, 10134, '2022-05-10 09:31:07', NULL);
INSERT INTO `t_book` VALUES (128, 'JavaScript高级程序设计（第3版）', '9787115275790', 99.00, 'media/book/bfde459744d44469b6f26084034ac6df.jpg', '[美] Nicholas C. Zakas', '人民邮电出版社', '2012-03-29', NULL, 10134, '2022-05-10 09:31:07', NULL);
INSERT INTO `t_book` VALUES (129, 'C++ Primer Plus', '9787115279460', 99.00, 'media/book/143d78a606da4ddc96a8cbddbfc513ba.jpg', 'Stephen Prata', '人民邮电出版社', '2012-06-19', NULL, 10134, '2022-05-10 09:31:07', NULL);
INSERT INTO `t_book` VALUES (130, 'HTTP权威指南', '9787115281487', 109.00, 'media/book/5950276111c940c791829640e043dbe9.jpg', '', '人民邮电出版社', '2012-09-01', NULL, 10139, '2022-05-10 09:31:07', NULL);
INSERT INTO `t_book` VALUES (131, '黑客攻防技术宝典（第2版）', '9787115283924', 99.00, 'media/book/7d37bbe384a74b1aac460c539135996c.jpg', '', '人民邮电出版社', '2012-06-26', NULL, 10139, '2022-05-10 09:31:07', NULL);
INSERT INTO `t_book` VALUES (132, '程序员的职业素养', '9787115291578', 49.00, 'media/book/02f866187b8f4bbca01436b006706ee0.jpg', 'Robert C.Martin', '人民邮电出版社', '2012-09-01', NULL, 10134, '2022-05-10 09:31:07', NULL);
INSERT INTO `t_book` VALUES (133, '算法（第4版）', '9787115293800', 99.00, 'media/book/73418e3835ec4cbbac4a706774e1269e.jpg', '[美] Robert Sedgewick', '人民邮电出版社', '2012-10-01', NULL, 10134, '2022-05-10 09:31:07', NULL);
INSERT INTO `t_book` VALUES (134, '响应式Web设计', '9787115299222', 49.00, 'media/book/7ffd0e3214044eb1b54e6c8328ed0324.jpg', '', '人民邮电出版社', '2013-01-01', NULL, 10139, '2022-05-10 09:31:07', NULL);
INSERT INTO `t_book` VALUES (135, 'R语言实战', '9787115299901', 79.00, 'media/book/4c2599f94f1643fbac0495c62fb498b4.jpg', '卡巴科弗 (Robert I.Kabacoff)', '人民邮电出版社', '2013-01-01', NULL, 10134, '2022-05-10 09:31:07', NULL);
INSERT INTO `t_book` VALUES (136, '编写可维护的JavaScript', '9787115310088', 55.00, 'media/book/ebc97c4c65994b27acc851bb037cbc51.jpg', '扎卡斯', '人民邮电出版社', '2013-04-01', NULL, 10134, '2022-05-10 09:31:07', NULL);
INSERT INTO `t_book` VALUES (137, 'CSS设计指南', '9787115313645', 59.00, 'media/book/7857e9d8a2e949cf9399533ebf993b07.jpg', '史密斯', '人民邮电出版社', '2013-05-01', NULL, 10139, '2022-05-10 09:31:07', NULL);
INSERT INTO `t_book` VALUES (138, 'C#图解教程', '9787115320902', 89.00, 'media/book/925db9cacc0b4e67b83111105e78cf58.jpg', '索利斯 (Daniel M.Solis)', '人民邮电出版社', '2013-07-01', NULL, 10134, '2022-05-10 09:31:07', NULL);
INSERT INTO `t_book` VALUES (139, '黑客与画家', '9787115326560', 69.00, 'media/book/c3731641efbc43339e613006c0397b1c.jpg', '[美] Paul Graham', '人民邮电出版社', '2013-10-01', NULL, 10134, '2022-05-10 09:31:07', NULL);
INSERT INTO `t_book` VALUES (140, '你的灯亮着吗?', '9787115335630', 25.00, 'media/book/b6c91fb02e504e42a924186fe3d304f4.jpg', '[美] 杰拉尔德·温伯格', '人民邮电出版社', '2014-01-01', NULL, 10134, '2022-05-10 09:31:07', NULL);
INSERT INTO `t_book` VALUES (141, '图解HTTP', '9787115351531', 49.00, 'media/book/2bc29445b15c4c0ebfbcd3ade12c274a.jpg', '', '人民邮电出版社', '2014-04-01', NULL, 10139, '2022-05-10 09:31:07', NULL);
INSERT INTO `t_book` VALUES (142, 'UNIX环境高级编程（第3版）', '9787115352118', 128.00, 'media/book/b321629aa7d047e8881b13cc9eb6c417.jpg', '史蒂文斯 (W.Richard Stevens)', '人民邮电出版社', '2014-06-01', NULL, 10134, '2022-05-10 09:31:07', NULL);
INSERT INTO `t_book` VALUES (143, '计算机程序设计艺术・卷3', '9787115360656', 198.00, 'media/book/972f336d0a7e49deae278eb87e7de192.jpg', '[美] 高德纳（Donald E. Knuth）', '人民邮电出版社', '2017-02-01', NULL, 10134, '2022-05-10 09:31:07', NULL);
INSERT INTO `t_book` VALUES (144, '社会心理学', '9787115369840', 368.00, 'media/book/3586e00fea7244d296589607378b1274.jpg', '[美] 戴维·迈尔斯', '人民邮电出版社', '2014-10-01', NULL, 10065, '2022-05-10 09:31:07', NULL);
INSERT INTO `t_book` VALUES (145, '心理学与生活（第19版）', '9787115371775', 368.00, 'media/book/52bd947aea3944ec9ba8eae8c2635796.jpg', '', '人民邮电出版社', '2014-11-01', NULL, 10065, '2022-05-10 09:31:07', NULL);
INSERT INTO `t_book` VALUES (146, '数学之美 （第二版）', '9787115373557', 49.00, 'media/book/5dcfe03e3c06415a8907d218b98299ac.jpg', '吴军', '人民邮电出版社', '2014-11-01', NULL, 10134, '2022-05-10 09:31:08', NULL);
INSERT INTO `t_book` VALUES (147, 'Flask Web开发：基于Python的Web应用开发实战', '9787115373991', 59.00, 'media/book/1fbfea2f82a4457bb681fef4d81b8315.jpg', '', '人民邮电出版社', '2014-12-01', NULL, 10139, '2022-05-10 09:31:08', NULL);
INSERT INTO `t_book` VALUES (148, '亲密关系', '9787115390578', 140.00, 'media/book/1c65724c11b7460cbab9cb73e0cdc271.jpg', '', '人民邮电出版社', '2015-06-01', NULL, 10065, '2022-05-10 09:31:08', NULL);
INSERT INTO `t_book` VALUES (149, '心理学与生活（第19版）', '9787115409362', 128.00, 'media/book/347410accae5492c9faacc86bece55a2.jpg', '[美] 理查德·格里格', '人民邮电出版社', '2016-01-01', NULL, 10065, '2022-05-10 09:31:08', NULL);
INSERT INTO `t_book` VALUES (150, '社会心理学（第11版，平装版）', '9787115410047', 128.00, 'media/book/448929f3be064956aa95c7385935fa4d.jpg', '戴维·迈尔斯 (David G.Myers)', '人民邮电出版社', '2016-01-01', NULL, 10065, '2022-05-10 09:31:08', NULL);
INSERT INTO `t_book` VALUES (151, '代码整洁之道', '9787115434159', 49.00, 'media/book/6281d0cff0334ddeab630abc915084bb.jpg', '[美] Robert C. Martin', '人民邮电出版社', '2016-09-01', NULL, 10134, '2022-05-10 09:31:08', NULL);
INSERT INTO `t_book` VALUES (152, '前端架构设计', '9787115452368', 49.00, 'media/book/e91cecaf4533448f95f5fda4c8f9abf4.jpg', '', '人民邮电出版社', '2017-04-01', NULL, 10139, '2022-05-10 09:31:08', NULL);
INSERT INTO `t_book` VALUES (153, 'Web API的设计与开发', '9787115455338', 52.00, 'media/book/c45bd9db0efc4a14b3a978ce781b1c70.jpg', '', '人民邮电出版社', '2017-06-01', NULL, 10139, '2022-05-10 09:31:08', NULL);
INSERT INTO `t_book` VALUES (154, '精通Git（第2版）', '9787115463067', 89.00, 'media/book/970b5cc4486f4b5eb30a1caa66461525.jpg', 'Scott Chacon', '人民邮电出版社', '2017-09-01', NULL, 10134, '2022-05-10 09:31:08', NULL);
INSERT INTO `t_book` VALUES (155, '这才是心理学(第11版)', '9787115464538', 78.00, 'media/book/fbe373a62048479db1393738e305186c.jpg', '[加] 基思·斯坦诺维奇', '人民邮电出版社', '2020-04-01', NULL, 10065, '2022-05-10 09:31:08', NULL);
INSERT INTO `t_book` VALUES (156, '鸟哥的Linux私房菜 基础学习篇 第四版', '9787115472588', 118.00, 'media/book/9bcf20b95dc140b4a06f025ed8e0ba13.jpg', '鸟哥', '人民邮电出版社', '2018-10-01', NULL, 10134, '2022-05-10 09:31:08', NULL);
INSERT INTO `t_book` VALUES (157, 'Python神经网络编程', '9787115474810', 69.00, 'media/book/08126dd60766433eae73e2f2b233ea51.jpg', '', '人民邮电出版社', '2018-04-01', NULL, 10143, '2022-05-10 09:31:08', NULL);
INSERT INTO `t_book` VALUES (158, 'C++ Templates（第2版 英文版）', '9787115479938', 158.00, 'media/book/263b28b838944d3d92d5391c4323daf4.jpg', '[美] David Vandevoorde', '人民邮电出版社', '2018-05-01', NULL, 10134, '2022-05-10 09:31:08', NULL);
INSERT INTO `t_book` VALUES (159, '深度学习入门', '9787115485588', 59.00, 'media/book/1713d2be99c543f5b449a3a5f1d51317.jpg', '', '人民邮电出版社', '2018-07-01', NULL, 10143, '2022-05-10 09:31:08', NULL);
INSERT INTO `t_book` VALUES (160, 'Python深度学习', '9787115488763', 119.00, 'media/book/9d8ba09cecfd4b609112c2ec825767b3.jpg', '', '人民邮电出版社', '2018-08-01', NULL, 10143, '2022-05-10 09:31:08', NULL);
INSERT INTO `t_book` VALUES (161, '动手学深度学习', '9787115490841', 85.00, 'media/book/606a68643e01437dac75060784602e13.jpg', '', '人民邮电出版社', '2019-06-01', NULL, 10143, '2022-05-10 09:31:08', NULL);
INSERT INTO `t_book` VALUES (162, '重构（第2版）', '9787115508645', 168.00, 'media/book/8f21dad573c84763a96398e3e1e4a373.jpg', '[美] Martin Fowler', '人民邮电出版社', '2019-03-01', NULL, 10134, '2022-05-10 09:31:08', NULL);
INSERT INTO `t_book` VALUES (163, 'Python网络爬虫权威指南（第2版）', '9787115509260', 79.00, 'media/book/bd23058a4c9e4dd9a540398b32bc2fe5.jpg', '[美] 瑞安 • 米切尔', '人民邮电出版社', '2019-04-01', NULL, 10134, '2022-05-10 09:31:08', NULL);
INSERT INTO `t_book` VALUES (164, '深度学习的数学', '9787115509345', 69.00, 'media/book/e16a19d0428a4ceabb531a86233ee0d9.jpg', '', '人民邮电出版社', '2019-04-01', NULL, 10143, '2022-05-10 09:31:08', NULL);
INSERT INTO `t_book` VALUES (165, '计算机程序设计艺术·卷4A', '9787115512871', 228.00, 'media/book/9f557cbda27c45ceaa3c2d14506b3dc3.jpg', '高德纳（Donald E. Knuth）', '人民邮电出版社', '2019-07-08', NULL, 10134, '2022-05-10 09:31:09', NULL);
INSERT INTO `t_book` VALUES (166, '深入理解神经网络', '9787115517234', 89.00, 'media/book/6efd86a7f4494ff89203f50d25c39ee8.jpg', '', '人民邮电出版社', '2019-09-01', NULL, 10143, '2022-05-10 09:31:09', NULL);
INSERT INTO `t_book` VALUES (167, 'C#图解教程（第5版）', '9787115519184', 129.00, 'media/book/91f0922d8dbe48f79e541ff0b920946d.jpg', '[美] 丹尼尔·索利斯', '人民邮电出版社', '2019-11-01', NULL, 10134, '2022-05-10 09:31:09', NULL);
INSERT INTO `t_book` VALUES (168, '代码整洁之道', '9787115524133', 99.00, 'media/book/66aeb6889e3948f09f26d46d66d9fe72.jpg', '[美] Robert C. Martin', '人民邮电出版社', '2020-02-01', NULL, 10134, '2022-05-10 09:31:09', NULL);
INSERT INTO `t_book` VALUES (169, '动机心理学', '9787115530028', 98.00, 'media/book/319c781ff9c04cdea19926ae19669563.jpg', '', '人民邮电出版社', '2020-03-01', NULL, 10065, '2022-05-10 09:31:09', NULL);
INSERT INTO `t_book` VALUES (170, '心', '9787115536198', 59.00, 'media/book/7a8c821a2b134827aabb8fe96bd08310.jpg', '', '人民邮电出版社', '2020-05-01', NULL, 10103, '2022-05-10 09:31:09', NULL);
INSERT INTO `t_book` VALUES (171, '深入浅出神经网络与深度学习', '9787115542090', 89.00, 'media/book/60b336d173384b03819c413d86af64e2.jpg', '', '人民邮电出版社', '2020-08-17', NULL, 10143, '2022-05-10 09:31:09', NULL);
INSERT INTO `t_book` VALUES (172, 'JavaScript高级程序设计（第4版）', '9787115545381', 129.00, 'media/book/533f4f8857cb4fdd826ce8c0f7b0a90b.jpg', '[美] 马特·弗里斯比', '人民邮电出版社', '2020-08-01', NULL, 10134, '2022-05-10 09:31:09', NULL);
INSERT INTO `t_book` VALUES (173, 'PyTorch生成对抗网络编程', '9787115546388', 69.00, 'media/book/89630a4bb0274c76ba2fda2e6f0a0675.jpg', '', '人民邮电出版社', '2020-12-01', NULL, 10143, '2022-05-10 09:31:09', NULL);
INSERT INTO `t_book` VALUES (174, '深度学习进阶', '9787115547644', 99.00, 'media/book/612d6bde451245c1aea0c2a8b230f282.jpg', '', '人民邮电出版社', '2020-10-14', NULL, 10143, '2022-05-10 09:31:09', NULL);
INSERT INTO `t_book` VALUES (175, '心理治疗如何改变人', '9787115552372', 59.80, 'media/book/aebb6f4d2a9e44a886279e05a26f3840.jpg', '', '人民邮电出版社', '2020-12-01', NULL, 10065, '2022-05-10 09:31:09', NULL);
INSERT INTO `t_book` VALUES (176, '图神经网络导论', '9787115559845', 69.80, 'media/book/49d5e9c1eb6e486a92b11b76c5ab094a.jpg', '', '', '2021-04-19', NULL, 10143, '2022-05-10 09:31:09', NULL);
INSERT INTO `t_book` VALUES (177, 'WebAssembly 实战', '9787115561459', 129.80, 'media/book/8a9b8ab886414412b40222430e0c5122.jpg', '', '人民邮电出版社', '2021-04-01', NULL, 10139, '2022-05-10 09:31:09', NULL);
INSERT INTO `t_book` VALUES (178, '认知驱动', '9787115569455', 59.80, 'media/book/f3e32b348b1a465887f9703b1950e444.jpg', '', '人民邮电出版社', '2021-10-01', NULL, 10103, '2022-05-10 09:31:09', NULL);
INSERT INTO `t_book` VALUES (179, '0次与10000次', '9787115571779', 59.80, 'media/book/18dfaf263e0342b283459210d47550ec.jpg', '', '人民邮电出版社', '2021-10-01', NULL, 10065, '2022-05-10 09:31:09', NULL);
INSERT INTO `t_book` VALUES (180, '涵解：无畏真实', '9787115574480', 69.80, 'media/book/e09c26cd016e46fbbd23319e62709c55.jpg', '', '人民邮电出版社', '2021-11-01', NULL, 10103, '2022-05-10 09:31:09', NULL);
INSERT INTO `t_book` VALUES (181, '如何拥抱一只刺猬', '9787115576125', 59.80, 'media/book/1727609b421540788b6607212092454e.jpg', '', '人民邮电出版社', '2022-02-01', NULL, 10065, '2022-05-10 09:31:09', NULL);
INSERT INTO `t_book` VALUES (182, '学习敏锐度', '9787115576682', 69.80, 'media/book/7802b133ab7d40f7826f187396e7de7c.jpg', '', '人民邮电出版社', '2022-02-22', NULL, 10103, '2022-05-10 09:31:09', NULL);
INSERT INTO `t_book` VALUES (183, '超越期待', '9787115577238', 59.80, 'media/book/4c4b85d129be439f9abed9f4f475e688.jpg', '', '人民邮电出版社', '2022-01-15', NULL, 10103, '2022-05-10 09:31:09', NULL);
INSERT INTO `t_book` VALUES (184, '忘忧十二夜', '9787115578556', 68.00, 'media/book/4a0c977984394a419f515a9075abb98c.jpg', '', '人民邮电出版社', '2022-03-01', NULL, 10065, '2022-05-10 09:31:10', NULL);
INSERT INTO `t_book` VALUES (185, '效率脑科学', '9787115579713', 69.80, 'media/book/6010f38c1ea84be09dcf83372234195b.jpg', '', '', '2022-01-01', NULL, 10065, '2022-05-10 09:31:10', NULL);
INSERT INTO `t_book` VALUES (186, '计算机程序设计艺术（第2卷）', '9787118027075', 98.00, 'media/book/53493fc8c48448bbbafe79c1d92d4ef6.jpg', 'Donald E. Knuth', '国防工业出版社', '2002-08-01', NULL, 10134, '2022-05-10 09:31:10', NULL);
INSERT INTO `t_book` VALUES (187, '行为自动机研究', '9787118029536', 25.00, 'media/book/cd4d716bbb23482b999832aa01ddb014.jpg', '', '国防工业出版社', '2003-01-01', NULL, 10143, '2022-05-10 09:31:10', NULL);
INSERT INTO `t_book` VALUES (188, '神经计算科学', '9787118044126', 48.00, 'media/book/960bcb065c224250bd6621b4cecb415b.jpg', '', '国防工业出版社', '2006-05-01', NULL, 10143, '2022-05-10 09:31:10', NULL);
INSERT INTO `t_book` VALUES (189, 'Matlab神经网络与应用', '9787118053036', 33.00, 'media/book/9dd70aeb55b84faf891ccc237d5ee036.jpg', '', '国防工业出版社', '2007-01-01', NULL, 10143, '2022-05-10 09:31:10', NULL);
INSERT INTO `t_book` VALUES (190, 'Java Web开发详解', '9787121023965', 99.00, 'media/book/07e029765f5841d4a2dc05668213f5ea.jpg', '', '电子工业出版社', '2006-04-01', NULL, 10139, '2022-05-10 09:31:10', NULL);
INSERT INTO `t_book` VALUES (191, 'Programming Ruby中文版', '9787121038150', 99.00, 'media/book/1ebe29f4f8fe4b269432204eda45d90d.jpg', '', '电子工业出版社', '2007-03-01', NULL, 10139, '2022-05-10 09:31:10', NULL);
INSERT INTO `t_book` VALUES (192, '网站优化', '9787121039683', 89.00, 'media/book/7b4289d5e01c43b88ba934886695998a.jpg', '', '电子工业出版社', '2007-06-01', NULL, 10139, '2022-05-10 09:31:10', NULL);
INSERT INTO `t_book` VALUES (193, '神经网络理论与MATLAB R2007实现', '9787121040894', 29.80, 'media/book/a16a4898848843c5bd70a1fb2427479f.jpg', '', '电子工业出版社', '2007-09-01', NULL, 10143, '2022-05-10 09:31:10', NULL);
INSERT INTO `t_book` VALUES (194, 'JAVASCRIPT语言精髓与编程实践', '9787121056871', 68.00, 'media/book/617fece0c89d4365a5d2f7dea3c7535a.jpg', '', '电子工业出版社', '2008-03-01', NULL, 10139, '2022-05-10 09:31:10', NULL);
INSERT INTO `t_book` VALUES (195, 'Web设计创新思维', '9787121057649', 68.00, 'media/book/ac75c81529784f57a6521e1d78e7dd00.jpg', '', '电子工业出版社', '2008-02-01', NULL, 10139, '2022-05-10 09:31:10', NULL);
INSERT INTO `t_book` VALUES (196, 'Tomcat与Java Web开发技术详解（第2版）', '9787121072970', 79.50, 'media/book/319d0d8442d64b4ca5cd288dc906231a.jpg', '', '电子工业出版社', '2009-01-01', NULL, 10139, '2022-05-10 09:31:10', NULL);
INSERT INTO `t_book` VALUES (197, 'Orange&#39;S:一个操作系统的实现', '9787121084423', 69.00, 'media/book/ebe0a25f1580413589274114e6bf321b.jpg', '于渊', '电子工业出版社', '2009-06-01', NULL, 10134, '2022-05-10 09:31:10', NULL);
INSERT INTO `t_book` VALUES (198, '把时间当作朋友', '9787121087097', 32.00, 'media/book/0502b916fb94427ba006ccc4c0b59bd8.jpg', '李笑来', '电子工业出版社', '2009-06-01', NULL, 10103, '2022-05-10 09:31:10', NULL);
INSERT INTO `t_book` VALUES (199, '神经网络控制', '9787121087721', 28.00, 'media/book/db373c6f6c554156bf31ec5dc56601eb.jpg', '', '电子工业出版社', '2009-07-01', NULL, 10143, '2022-05-10 09:31:10', NULL);
INSERT INTO `t_book` VALUES (200, 'Java Web项目开发案例精粹', '9787121107481', 59.80, 'media/book/e830f2b1b9a74ca1ab71a74c17a001a3.jpg', '', '电子工业出版社', '2010-06-01', NULL, 10139, '2022-05-10 09:31:10', NULL);
INSERT INTO `t_book` VALUES (201, '高性能JavaScript', '9787121119323', 49.00, 'media/book/f33d764fb97847c1a9171d8a6e006805.jpg', 'Nicholas C.Zakas', '电子工业出版社', '2010-11-01', NULL, 10139, '2022-05-10 09:31:10', NULL);
INSERT INTO `t_book` VALUES (202, 'SEO实战密码', '9787121120596', 69.00, 'media/book/da0b94ab15d44a3ca6151450c2f6148e.jpg', '', '电子工业出版社', '2015-07-01', NULL, 10139, '2022-05-10 09:31:10', NULL);
INSERT INTO `t_book` VALUES (203, 'Effective C++', '9787121123320', 65.00, 'media/book/8fab0d03569c4795bc68f440986f530c.jpg', '[美] Scott Meyers', '电子工业出版社', '2011-01-01', NULL, 10134, '2022-05-10 09:31:10', NULL);
INSERT INTO `t_book` VALUES (204, '程序员修炼之道', '9787121123368', 55.00, 'media/book/17813ca0eff44345b92dc74e392d722e.jpg', '[美] Andrew Hunt', '电子工业出版社', '2011-01-01', NULL, 10134, '2022-05-10 09:31:11', NULL);
INSERT INTO `t_book` VALUES (205, '21天学通Java Web开发', '9787121124754', 49.80, 'media/book/877dc31f82464ed49b843ab9557785ca.jpg', '', '电子工业出版社', '2011-07-01', NULL, 10139, '2022-05-10 09:31:11', NULL);
INSERT INTO `t_book` VALUES (206, '程序员修炼之道', '9787121145322', 65.00, 'media/book/7625a380388b4a7aa0eb50e4e6ded226.jpg', '安德鲁•亨特 (Andrew Hunt)', '电子工业出版社', '2011-10-01', NULL, 10134, '2022-05-10 09:31:11', NULL);
INSERT INTO `t_book` VALUES (207, 'C++ Primer 中文版（第 5 版）', '9787121155352', 128.00, 'media/book/e4976b3572e743fa82d9e3465304d6b7.jpg', '[美] Stanley B. Lippman', '电子工业出版社', '2013-09-01', NULL, 10134, '2022-05-10 09:31:11', NULL);
INSERT INTO `t_book` VALUES (208, '白帽子讲Web安全', '9787121160721', 69.00, 'media/book/6173986d5fb447128a534c5e87afad27.jpg', '吴翰清', '电子工业出版社', '2012-03-01', NULL, 10134, '2022-05-10 09:31:11', NULL);
INSERT INTO `t_book` VALUES (209, 'UML精粹', '9787121170492', 59.00, 'media/book/27a98f88294f414696cee225d8ff34a2.jpg', '[美] 马丁·福勒', '电子工业出版社', '2012-06-01', NULL, 10134, '2022-05-10 09:31:11', NULL);
INSERT INTO `t_book` VALUES (210, '编码', '9787121181184', 59.00, 'media/book/8561e8ed5d0b4175b543d3c27aa7b72d.jpg', 'Charles Petzold', '电子工业出版社', '2012-10-01', NULL, 10134, '2022-05-10 09:31:11', NULL);
INSERT INTO `t_book` VALUES (211, 'Go Web编程', '9787121200915', 65.00, 'media/book/2b5ceeb9cd4f442190d11178d66e70b4.jpg', '', '电子工业出版社', '2013-06-01', NULL, 10139, '2022-05-10 09:31:11', NULL);
INSERT INTO `t_book` VALUES (212, 'C++标准库（第2版）', '9787121260896', 186.00, 'media/book/de1af39a801d4b479f150cea0293665b.jpg', '[德] Nicolai M·Josuttis', '电子工业出版社', '2015-06-01', NULL, 10134, '2022-05-10 09:31:11', NULL);
INSERT INTO `t_book` VALUES (213, '交互式计算机图形学', '9787121276040', 89.00, 'media/book/fc917f457c5d4ad391e843edafeb1123.jpg', '', '电子工业出版社', '2016-04-01', NULL, 10139, '2022-05-10 09:31:11', NULL);
INSERT INTO `t_book` VALUES (214, '数据结构与算法分析（第四版）', '9787121290572', 89.00, 'media/book/112a01c59f5e4d68b59ccddfd37b195c.jpg', 'Mark Allen Weiss', '电子工业出版社', '2016-08-01', NULL, 10134, '2022-05-10 09:31:11', NULL);
INSERT INTO `t_book` VALUES (215, '图解深度学习与神经网络：从张量到TensorFlow实现', '9787121347450', 79.00, 'media/book/25c592202e134111bbae9fa53771fbd5.jpg', '', '电子工业出版社', '2018-10-01', NULL, 10143, '2022-05-10 09:31:11', NULL);
INSERT INTO `t_book` VALUES (216, '架构整洁之道', '9787121347962', 99.00, 'media/book/a2413be2fd2748aca4ac73b88bdacc65.jpg', '【美】Robert C. Martin（罗伯特 C. 马丁）', '电子工业出版社', '2018-09-01', NULL, 10134, '2022-05-10 09:31:11', NULL);
INSERT INTO `t_book` VALUES (217, '程序员修炼之道（第2版）', '9787121384356', 89.00, 'media/book/5278ae629c9a4c15a77c157b7b771ec9.jpg', '[美] David Thomas', '电子工业出版社', '2020-04-01', NULL, 10134, '2022-05-10 09:31:11', NULL);
INSERT INTO `t_book` VALUES (218, 'MATLAB神经网络编程', '9787122121660', 49.80, 'media/book/da259bc05d5643da97cd1266b8862fe6.jpg', '', '化学工业出版社', '2011-12-01', NULL, 10143, '2022-05-10 09:31:11', NULL);
INSERT INTO `t_book` VALUES (219, '老人与海', '9787201077727', 29.00, 'media/book/794aab6660f14096a154eb7f0bb72b03.jpg', '', '天津人民出版社', '2013-01-01', NULL, 10103, '2022-05-10 09:31:11', NULL);
INSERT INTO `t_book` VALUES (220, '生命不息，折腾不止', '9787201081991', 42.00, 'media/book/07a7afdc39aa4951be7cdbf9a07d84bb.jpg', '罗永浩', '天津人民出版社', '2014-11-18', NULL, 10103, '2022-05-10 09:31:11', NULL);
INSERT INTO `t_book` VALUES (221, '人性的弱点', '9787201088822', 32.00, 'media/book/60e294545777448b9ee0f11b1d19af28.jpg', '', '天津人民出版社', '2014-09-01', NULL, 10103, '2022-05-10 09:31:11', NULL);
INSERT INTO `t_book` VALUES (222, '生命不息，折腾不止', '9787201092324', 49.00, 'media/book/b120a86da4ad4c539de8833d9f222190.jpg', '罗永浩', '天津人民出版社', '2015-08-01', NULL, 10103, '2022-05-10 09:31:11', NULL);
INSERT INTO `t_book` VALUES (223, '呐喊', '9787201097206', 32.00, 'media/book/70abc19ab2fb44e09b6fdb3cdbf32ca3.jpg', '鲁迅', '天津人民出版社', '2016-01-01', NULL, 10001, '2022-05-10 09:31:12', NULL);
INSERT INTO `t_book` VALUES (224, '猫城记', '9787201111421', 32.00, 'media/book/99ea77193d70481592a1dc4d29157a65.jpg', '老舍', '天津人民出版社', '2017-01-01', NULL, 10001, '2022-05-10 09:31:12', NULL);
INSERT INTO `t_book` VALUES (225, '审判', '9787201143705', 49.80, 'media/book/0e014e56721a4d30a16589b1eb9a4cf0.jpg', '[奥] 弗兰茨·卡夫卡', '天津人民出版社', '2019-04-01', NULL, 10001, '2022-05-10 09:31:12', NULL);
INSERT INTO `t_book` VALUES (226, '世界尽头的咖啡馆', '9787201146171', 45.00, 'media/book/d990864ababf4eb196846750bb834ae2.jpg', '', '天津人民出版社', '2019-06-01', NULL, 10103, '2022-05-10 09:31:12', NULL);
INSERT INTO `t_book` VALUES (227, '糊涂一点 潇洒一点', '9787201153797', 55.00, 'media/book/af4c95d2025b43bda78919bd056836c2.jpg', '', '天津人民出版社', '2019-10-01', NULL, 10008, '2022-05-10 09:31:12', NULL);
INSERT INTO `t_book` VALUES (228, '小时候真傻，居然盼着长大', '9787201158983', 55.00, 'media/book/b4a5686c247f448099b7c10f441ae71a.jpg', '老舍', '天津人民出版社', '2020-05-01', NULL, 10008, '2022-05-10 09:31:12', NULL);
INSERT INTO `t_book` VALUES (229, '蛤蟆先生去看心理医生', '9787201161693', 38.00, 'media/book/65be05c3041247058c0422eb7f46caad.jpg', '', '天津人民出版社', '2020-08-01', NULL, 10065, '2022-05-10 09:31:12', NULL);
INSERT INTO `t_book` VALUES (230, '丧家狗', '9787203057918', 48.60, 'media/book/396e200135b14d6cb3687511f7347322.jpg', '李零', '山西人民出版社', '2007-05-01', NULL, 10084, '2022-05-10 09:31:12', NULL);
INSERT INTO `t_book` VALUES (231, '钝感力', '9787208070318', 15.00, 'media/book/472acd739f244f5994db95fc086ae92b.jpg', '[日] 渡边淳一', '上海人民出版社', '2007-05-01', NULL, 10103, '2022-05-10 09:31:12', NULL);
INSERT INTO `t_book` VALUES (232, '人生的智慧', '9787208081178', 28.00, 'media/book/b37c10ee6d2d4158906c2805f1e83137.jpg', '(德)叔本华', '上海人民出版社', '2008-10-01', NULL, 10065, '2022-05-10 09:31:12', NULL);
INSERT INTO `t_book` VALUES (233, '2666', '9787208102019', 98.00, 'media/book/e79eea9e1a154f23951d63479da1a232.jpg', '[智利] 罗贝托·波拉尼奥', '上海人民出版社', '2012-01-01', NULL, 10001, '2022-05-10 09:31:12', NULL);
INSERT INTO `t_book` VALUES (234, '魔戒', '9787208113039', 169.00, 'media/book/d6b64cca6b8b40269dbd8655295c2e39.jpg', '[英] J.R.R.托尔金', '上海人民出版社', '2013-09-01', NULL, 10001, '2022-05-10 09:31:12', NULL);
INSERT INTO `t_book` VALUES (235, '贤者之书', '9787208119666', 30.00, 'media/book/5197837158f047ccb4005ff3d8ea6cbf.jpg', '', '上海人民出版社', '2014-03-01', NULL, 10103, '2022-05-10 09:31:12', NULL);
INSERT INTO `t_book` VALUES (236, '我的名字叫红', '9787208133211', 39.00, 'media/book/8bfc8fcc87a24576b3858b03c79ae9ee.jpg', '[土耳其] 奥尔罕·帕慕克', '上海人民出版社', '2016-01-01', NULL, 10001, '2022-05-10 09:31:12', NULL);
INSERT INTO `t_book` VALUES (237, '知道几句三字经', '9787208172623', 49.00, 'media/book/f15aaec70efb42e79281849123afa108.jpg', '', '上海人民出版社', '2022-01-20', NULL, 10084, '2022-05-10 09:31:12', NULL);
INSERT INTO `t_book` VALUES (238, '人性的枷锁', '9787210082903', 68.00, 'media/book/e1bab6613a484d43adf5b2c5183238d6.jpg', '[英] 威廉·萨默塞特·毛姆', '江西人民出版社', '2016-05-01', NULL, 10001, '2022-05-10 09:31:12', NULL);
INSERT INTO `t_book` VALUES (239, '终身成长', '9787210096528', 49.80, 'media/book/8f0fcc51e0e24871a45bcae255a0dedc.jpg', '[美] 卡罗尔·德韦克', '江西人民出版社', '2017-11-01', NULL, 10103, '2022-05-10 09:31:12', NULL);
INSERT INTO `t_book` VALUES (240, '道德经说什么', '9787210113676', 81.00, 'media/book/b2d8ece6576742d78fd11e26a4f4dfcb.jpg', '', '江西人民出版社', '2019-07-01', NULL, 10084, '2022-05-10 09:31:12', NULL);
INSERT INTO `t_book` VALUES (241, '亲爱的陌生人', '9787212047948', 29.80, 'media/book/a5cc74dd2394475689ea315c5f51b607.jpg', '', '安徽人民出版社', '2012-06-01', NULL, 10103, '2022-05-10 09:31:12', NULL);
INSERT INTO `t_book` VALUES (242, '哈佛凌晨4点半', '9787212053475', 28.00, 'media/book/c0f9715e9b644a3f8a28066823a159c0.jpg', '', '安徽人民出版社', '2012-10-01', NULL, 10103, '2022-05-10 09:31:12', NULL);
INSERT INTO `t_book` VALUES (243, '系统之美', '9787213050114', 56.90, 'media/book/a1df85a4bed8412e91527bbc0faf6453.jpg', '[美] 德内拉•梅多斯', '浙江人民出版社', '2012-08-01', NULL, 10134, '2022-05-10 09:31:13', NULL);
INSERT INTO `t_book` VALUES (244, '象与骑象人（更新版）', '9787213050145', 49.90, 'media/book/12ef18ba934645eebf24f8bfa4a8fe86.jpg', '[美]乔纳森•海特（Jonathan Haidt）', '浙江人民出版社', '2012-12-01', NULL, 10065, '2022-05-10 09:31:13', NULL);
INSERT INTO `t_book` VALUES (245, '野蛮进化', '9787218085043', 35.00, 'media/book/59e49cf5b9c5477ea6fcdd4aa3851af5.jpg', '', '广东人民出版社', '2014-06-01', NULL, 10103, '2022-05-10 09:31:13', NULL);
INSERT INTO `t_book` VALUES (246, '早起的奇迹', '9787218123943', 39.80, 'media/book/bf22da869592443b8cea2c5b1fb43a49.jpg', '', '广东人民出版社', '2018-01-01', NULL, 10103, '2022-05-10 09:31:13', NULL);
INSERT INTO `t_book` VALUES (247, '向上生长', '9787221148025', 45.00, 'media/book/4f8188ec39db4723b001e1f13c4972a2.jpg', '', '贵州人民出版社', '2020-06-01', NULL, 10103, '2022-05-10 09:31:13', NULL);
INSERT INTO `t_book` VALUES (248, '中國歷史精神', '9787221152374', 26.00, 'media/book/bcc61e97040e4c098aa2167531e0072a.jpg', '', '', '2019-06-01', NULL, 10084, '2022-05-10 09:31:13', NULL);
INSERT INTO `t_book` VALUES (249, '我的奋斗', '9787222064331', 29.00, 'media/book/cb9506107af34fc1b4849c02ae447bb6.jpg', '', '云南人民出版社', '2010-04-01', NULL, 10103, '2022-05-10 09:31:13', NULL);
INSERT INTO `t_book` VALUES (250, '春天七日', '9787224111019', 23.80, 'media/book/84fef8aba6094c7daab0e1c92760d725.jpg', '', '陕西人民出版社', '2015-03-01', NULL, 10008, '2022-05-10 09:31:13', NULL);
INSERT INTO `t_book` VALUES (251, '人间一趟，尽兴而已', '9787226057421', 49.80, 'media/book/91026260992549a7b9197ca71ae50972.jpg', '', '甘肃人民出版社', '2021-11-01', NULL, 10008, '2022-05-10 09:31:13', NULL);
INSERT INTO `t_book` VALUES (252, '撑起生命的蓝天', '9787227021902', 18.80, 'media/book/c5b176749f8c4e2e87607b645bcb002e.jpg', '', '宁夏人民出版社', '2000-09-01', NULL, 10103, '2022-05-10 09:31:13', NULL);
INSERT INTO `t_book` VALUES (253, '我们台湾这些年', '9787229012755', 29.80, 'media/book/a0b9ca8e77af479a9746df1fa82993d2.jpg', '廖信忠', '', '2009-11-01', NULL, 10008, '2022-05-10 09:31:13', NULL);
INSERT INTO `t_book` VALUES (254, '影响力', '9787300072487', 45.00, 'media/book/7a70202fb6d24349b2a5c2a259a45311.jpg', '', '中国人民大学出版社', '2006-05-01', NULL, 10065, '2022-05-10 09:31:13', NULL);
INSERT INTO `t_book` VALUES (255, '拖延心理学', '9787300113906', 39.80, 'media/book/3c56f269dd3f42b2b764d163bd1dae2c.jpg', '[美] 简·博克(Jane B. Burka)', '中国人民大学出版社', '2009-12-01', NULL, 10065, '2022-05-10 09:31:13', NULL);
INSERT INTO `t_book` VALUES (256, '理解人性', '9787300245188', 39.90, 'media/book/3d13684d30504a2c8679b31c4396db6f.jpg', '【奥】阿尔弗雷德·阿德勒', '中国人民大学出版社', '2017-09-01', NULL, 10065, '2022-05-10 09:31:13', NULL);
INSERT INTO `t_book` VALUES (257, '天生不同', '9787300279916', 65.00, 'media/book/42cf74ec20ab4e4c8c4a95bf575dbda8.jpg', '[美]坦普尔·葛兰汀（Temple Grandin）', '中国人民大学出版社', '2020-05-01', NULL, 10103, '2022-05-10 09:31:13', NULL);
INSERT INTO `t_book` VALUES (258, '习得性无助', '9787300281674', 58.00, 'media/book/184b2ee096224120a6583528b29d23ab.jpg', '', '中国人民大学出版社', '2020-07-01', NULL, 10065, '2022-05-10 09:31:13', NULL);
INSERT INTO `t_book` VALUES (259, '心力', '9787300296272', 59.00, 'media/book/6fbf5bcb2c5a4f689713cd6db353f233.jpg', '', '中国人民大学出版社', '2021-09-01', NULL, 10103, '2022-05-10 09:31:13', NULL);
INSERT INTO `t_book` VALUES (260, '中国古代文化史（上下册）', '9787301133231', 138.00, 'media/book/5b68e3b63edb4e2193e85613327eabe1.jpg', '阴法鲁', '北京大学出版社', '2008-04-01', NULL, 10084, '2022-05-10 09:31:13', NULL);
INSERT INTO `t_book` VALUES (261, '波希米亚香港', '9787301192269', 27.00, 'media/book/c3f2c8c1ee574dd1a424c8449abb3262.jpg', '廖伟棠', '北京大学出版社', '2011-07-25', NULL, 10008, '2022-05-10 09:31:13', NULL);
INSERT INTO `t_book` VALUES (262, 'UNIX网络编程第2卷', '9787302038153', 58.00, 'media/book/850198f2942e4aa2885f5839aa052411.jpg', 'WRichardStevens', '清华大学出版社', '2000-03-01', NULL, 10134, '2022-05-10 09:31:13', NULL);
INSERT INTO `t_book` VALUES (263, '计算机程序设计艺术(第3卷)-排序和查找(英文影印版)', '9787302058168', 85.00, 'media/book/e1f05b567e6c4b9e89d639d4d889f18d.jpg', '（美）Donald E.Knuth', '清华大学出版社', '2002-09-01', NULL, 10134, '2022-05-10 09:31:14', NULL);
INSERT INTO `t_book` VALUES (264, '程序开发心理学', '9787302070269', 39.00, 'media/book/e267d94f80fb48758e7bf19b4e573a4b.jpg', '（美）杰拉尔德·温伯格', '清华大学出版社', '2004-01-01', NULL, 10134, '2022-05-10 09:31:14', NULL);
INSERT INTO `t_book` VALUES (265, '敏捷软件开发', '9787302071976', 59.00, 'media/book/6aca7f053f8b43ccb498eaf9446eb676.jpg', 'Robert C. Martin', '清华大学出版社', '2003-09-01', NULL, 10134, '2022-05-10 09:31:14', NULL);
INSERT INTO `t_book` VALUES (266, '人工神经网络与模拟进化计算', '9787302106630', 49.00, 'media/book/cea753464ebf4e458f807f670db82a36.jpg', '', '清华大学出版社', '2005-09-01', NULL, 10143, '2022-05-10 09:31:14', NULL);
INSERT INTO `t_book` VALUES (267, '大话设计模式', '9787302162063', 45.00, 'media/book/809ea115124c4640af7644b7e60ed0e8.jpg', '程杰', '清华大学出版社', '2007-12-01', NULL, 10134, '2022-05-10 09:31:14', NULL);
INSERT INTO `t_book` VALUES (268, 'AI游戏引擎程序设计', '9787302163121', 59.80, 'media/book/ca4349859eeb4f6293941aeb640c9c1a.jpg', '施瓦布', '清华大学出版社', '2007-11-01', NULL, 10134, '2022-05-10 09:31:14', NULL);
INSERT INTO `t_book` VALUES (269, '汇编语言（第2版）', '9787302172284', 33.00, 'media/book/110f066f41574087b8e147460e3741c1.jpg', '王爽', '清华大学出版社', '2008-04-01', NULL, 10134, '2022-05-10 09:31:14', NULL);
INSERT INTO `t_book` VALUES (270, 'Web表单设计', '9787302225157', 49.00, 'media/book/a3bb80ee21ee4bf49661d05a9dfce46c.jpg', '[美] Luke Wroblewski', '清华大学出版社', '2010-06-01', NULL, 10139, '2022-05-10 09:31:14', NULL);
INSERT INTO `t_book` VALUES (271, 'Windows程序设计', '9787302227397', 129.00, 'media/book/fd29cf23339142539b3ae054d7493230.jpg', '佩措尔德', '北京大学出版社', '2010-09-01', NULL, 10134, '2022-05-10 09:31:14', NULL);
INSERT INTO `t_book` VALUES (272, 'MATLAB神经网络原理与实例精解', '9787302307419', 69.00, 'media/book/73f3b73b85744f00be98e073219f0a3a.jpg', '', '清华大学出版社', '2013-02-01', NULL, 10143, '2022-05-10 09:31:14', NULL);
INSERT INTO `t_book` VALUES (273, '形式感+：网页视觉设计创意拓展与快速表现', '9787302346395', 59.00, 'media/book/a4159bc58524451692eb2ed45c666c2f.jpg', '', '清华大学出版社', '2014-01-01', NULL, 10139, '2022-05-10 09:31:14', NULL);
INSERT INTO `t_book` VALUES (274, '人月神话(40周年中文纪念版)', '9787302392644', 68.00, 'media/book/5f8174ac984b4c768213c73996d837a2.jpg', '(美) 布鲁克斯(Brooks, F. P.)  著', '清华大学出版社', '2015-04-01', NULL, 10134, '2022-05-10 09:31:14', NULL);
INSERT INTO `t_book` VALUES (275, '猎头', '9787302438991', 39.00, 'media/book/65f28379db3240e7b2cd8fd62d6faaf1.jpg', '', '清华大学出版社', '2016-05-01', NULL, 10103, '2022-05-10 09:31:14', NULL);
INSERT INTO `t_book` VALUES (276, '人工神经网络实用教程', '9787308024532', 25.00, 'media/book/36ce34fa525940e5afdea36dee8ac72f.jpg', '', '浙江大学出版社', '2002-03-01', NULL, 10143, '2022-05-10 09:31:14', NULL);
INSERT INTO `t_book` VALUES (277, '论语别裁（上、下）', '9787309116069', 78.00, 'media/book/7b1f3101cd6b46ba84fc3b636da4df12.jpg', '南怀瑾', '复旦大学出版社', '2016-06-01', NULL, 10084, '2022-05-10 09:31:14', NULL);
INSERT INTO `t_book` VALUES (278, '数据挖掘', '9787312022449', 52.00, 'media/book/b84cad57252849e7a6ddcea5252f044a.jpg', '', '中国科学技术大学出版社', '2008-11-01', NULL, 10143, '2022-05-10 09:31:14', NULL);
INSERT INTO `t_book` VALUES (279, '面向MATLAB工具箱的神经网络理论与应用', '9787312024313', 38.00, 'media/book/ae91c1adb1db4e77904918740350d28e.jpg', '', '中国科学技术大学出版社', '2009-04-01', NULL, 10143, '2022-05-10 09:31:14', NULL);
INSERT INTO `t_book` VALUES (280, '生命存在与心灵境界', '9787500456506', 79.00, 'media/book/fd93bb43445f494a85368c8897bb7765.jpg', '', '中国社会科学出版社', '2006-12-01', NULL, 10084, '2022-05-10 09:31:14', NULL);
INSERT INTO `t_book` VALUES (281, '什么是网页设计', '9787500666189', 78.00, 'media/book/d89ca94417b64c2f98edc82b327955e2.jpg', '', '中国青年出版社', '2006-03-01', NULL, 10139, '2022-05-10 09:31:14', NULL);
INSERT INTO `t_book` VALUES (282, '高效能人士的七个习惯', '9787500695356', 49.00, 'media/book/16bc2d3b23ce4d9e9999dac3dca31dd9.jpg', '', '中国青年出版社', '2018-05-01', NULL, 10103, '2022-05-10 09:31:14', NULL);
INSERT INTO `t_book` VALUES (283, '挺立在孤独、失败与屈辱的废墟上', '9787501221578', 20.00, 'media/book/ea5b3158a24742d49d0f4c4cf2e5fbf2.jpg', '俞敏洪', '世界知识出版社', '2003-11-01', NULL, 10103, '2022-05-10 09:31:15', NULL);
INSERT INTO `t_book` VALUES (284, '认知心理学（第三版）（万千心理）', '9787501999538', 96.00, 'media/book/bbef9e6399a1440c87814a59ff7dd8ca.jpg', '', '中国轻工业出版社', '2015-02-01', NULL, 10065, '2022-05-10 09:31:15', NULL);
INSERT INTO `t_book` VALUES (285, '人工神经网络理论、设计及应用', '9787502595234', 29.80, 'media/book/9320036c671e4c9286ec2b54020ab5f8.jpg', '', '化学工业出版社', '2007-07-01', NULL, 10143, '2022-05-10 09:31:15', NULL);
INSERT INTO `t_book` VALUES (286, '自卑与超越(完整全译本)', '9787505737488', 39.80, 'media/book/83b994122b2c490f94e88c184d1d77af.jpg', '[奥] 阿尔弗雷德·阿德勒', '中国友谊出版公司', '2017-01-01', NULL, 10065, '2022-05-10 09:31:15', NULL);
INSERT INTO `t_book` VALUES (287, '追寻记忆的痕迹', '9787505747012', 88.00, 'media/book/b8571e0a3ec74e8aa69944fb663b167b.jpg', '[美] 埃里克·坎德尔', '中国友谊出版公司', '2019-08-01', NULL, 10065, '2022-05-10 09:31:15', NULL);
INSERT INTO `t_book` VALUES (288, '活法', '9787506021401', 24.00, 'media/book/beea0580e36d452eb1d541c8d149f7a3.jpg', '（日）稻盛和夫', '东方出版社', '2005-03-01', NULL, 10103, '2022-05-10 09:31:15', NULL);
INSERT INTO `t_book` VALUES (289, '傅佩荣译解大学中庸', '9787506044486', 25.00, 'media/book/76c583d4506f4646b802877ba35550bc.jpg', '', '东方出版社', '2012-04-01', NULL, 10084, '2022-05-10 09:31:15', NULL);
INSERT INTO `t_book` VALUES (290, '傅佩荣译解易经', '9787506048057', 85.00, 'media/book/f89ed1d656cb43778b9208374d5588ee.jpg', '', '', '2012-07-01', NULL, 10084, '2022-05-10 09:31:15', NULL);
INSERT INTO `t_book` VALUES (291, '千年一叹', '9787506364553', 36.00, 'media/book/bea2587ebf4f43d0b6184946121969e5.jpg', '余秋雨', '作家出版社', '2012-06-01', NULL, 10008, '2022-05-10 09:31:15', NULL);
INSERT INTO `t_book` VALUES (292, '活着', '9787506365437', 20.00, 'media/book/089fff3794344c5cb8336d8122142b4d.jpg', '余华', '作家出版社', '2012-08-01', '', 10001, '2022-05-10 09:31:15', NULL);
INSERT INTO `t_book` VALUES (293, '没有一条道路是重复的', '9787506365642', 19.00, 'media/book/af61fb23c3ca40128f3197fce810ecab.jpg', '余华', '作家出版社', '2012-11-01', NULL, 10008, '2022-05-10 09:31:15', NULL);
INSERT INTO `t_book` VALUES (294, '现实一种', '9787506365673', 17.00, 'media/book/db684b11a79f4de0bff6ef1307040a7c.jpg', '余华', '作家出版社', '2008-05-01', NULL, 10001, '2022-05-10 09:31:15', NULL);
INSERT INTO `t_book` VALUES (295, '伯恩斯新情绪疗法', '9787507423655', 49.80, 'media/book/fdb239bc65aa464f974313b8f892c3c6.jpg', '[美] 戴维·伯恩斯', '中国城市出版社', '2011-01-01', NULL, 10065, '2022-05-10 09:31:15', NULL);
INSERT INTO `t_book` VALUES (296, '干法', '9787507531473', 36.00, 'media/book/481666a559d94bcfb0b98065ef2e488a.jpg', '(日) 稻盛和夫', '华文出版社', '2010-05-01', NULL, 10103, '2022-05-10 09:31:15', NULL);
INSERT INTO `t_book` VALUES (297, '非暴力沟通', '9787508051000', 29.00, 'media/book/eff740f7c2094cb4ab5a2de74fdf9450.jpg', '[美] 马歇尔·卢森堡', '华夏出版社', '2009-01-01', NULL, 10103, '2022-05-10 09:31:15', NULL);
INSERT INTO `t_book` VALUES (298, '道德经', '9787508051284', 50.00, 'media/book/6b759af9c94343039cc673c602f33b1a.jpg', '老子', '华夏出版社', '2009-03-01', NULL, 10084, '2022-05-10 09:31:15', NULL);
INSERT INTO `t_book` VALUES (299, '活出生命的意义', '9787508058993', 29.00, 'media/book/92c4aa2399334528815c0c46b93ef22d.jpg', '[奥] 维克多·弗兰克', '华夏出版社', '2010-06-01', NULL, 10103, '2022-05-10 09:31:15', NULL);
INSERT INTO `t_book` VALUES (300, 'Head First Servlets &amp; JSP（中文版）', '9787508342849', 98.00, 'media/book/035699fcd39f4855b1a558c186839f61.jpg', '', '中国电力出版社', '2006-10-01', NULL, 10139, '2022-05-10 09:31:15', NULL);
INSERT INTO `t_book` VALUES (301, 'Head First Java（第二版·中文版）', '9787508344980', 79.00, 'media/book/de86a09db1f1424da326da3de6600b3b.jpg', 'Kathy Sierra,Bert Bates 著', '中国电力出版社', '2007-02-01', NULL, 10134, '2022-05-10 09:31:15', NULL);
INSERT INTO `t_book` VALUES (302, '当下的力量', '9787508609522', 24.00, 'media/book/79bbeba1be864f0e9bb80f6aa841b8b5.jpg', '[德] 埃克哈特·托利', '中信出版社', '2007-10-01', NULL, 10065, '2022-05-10 09:31:15', NULL);
INSERT INTO `t_book` VALUES (303, '世界因你不同', '9787508616780', 29.80, 'media/book/4ea872dc819b4fc7a9072331d4a15b8b.jpg', '李开复', '中信出版社', '2009-09-01', NULL, 10103, '2022-05-10 09:31:16', NULL);
INSERT INTO `t_book` VALUES (304, '谁动了我的奶酪?', '9787508619439', 22.00, 'media/book/0b3fd3edfc5e4cc59338f04f2ee2de4d.jpg', '', '中信出版社', '2010-05-01', NULL, 10103, '2022-05-10 09:31:16', NULL);
INSERT INTO `t_book` VALUES (305, '思考，快与慢', '9787508633558', 69.00, 'media/book/234e8f76f912441ebeb8127da71addcd.jpg', '', '中信出版社', '2012-07-01', NULL, 10065, '2022-05-10 09:31:16', NULL);
INSERT INTO `t_book` VALUES (306, '自私的基因', '9787508634159', 68.00, 'media/book/285cddd212a74953ad38e5fc12521006.jpg', '[英]理查德·道金斯', '中信出版社', '2012-09-01', NULL, 10065, '2022-05-10 09:31:16', NULL);
INSERT INTO `t_book` VALUES (307, '习惯的力量', '9787508638010', 42.00, 'media/book/9eaa00c1cc1f47be8f215e54605d7f1d.jpg', '', '中信出版社', '2013-03-01', NULL, 10103, '2022-05-10 09:31:16', NULL);
INSERT INTO `t_book` VALUES (308, '向前一步', '9787508639772', 39.00, 'media/book/01ff8b6050e0456cb0a1cf00bbc94b78.jpg', '[美]谢丽尔•桑德伯格（Sheryl Sandberg）', '中信出版社', '2013-06-30', NULL, 10103, '2022-05-10 09:31:16', NULL);
INSERT INTO `t_book` VALUES (309, '异类', '9787508643946', 36.00, 'media/book/762ecbd881064a84af431d99e5f61225.jpg', '马尔科姆·格拉德威尔', '中信出版社', '2014-05-01', NULL, 10103, '2022-05-10 09:31:16', NULL);
INSERT INTO `t_book` VALUES (310, '硅谷钢铁侠', '9787508660455', 68.00, 'media/book/0db2c2a7aa864b3c85dbbd040ae55799.jpg', '[美] 阿什利·万斯', '中信出版社', '2016-04-01', NULL, 10103, '2022-05-10 09:31:16', NULL);
INSERT INTO `t_book` VALUES (311, '羊道', '9787508674087', 48.00, 'media/book/77dc13472bc94a269ce35c361be71547.jpg', '', '中信出版社', '2017-07-01', NULL, 10008, '2022-05-10 09:31:16', NULL);
INSERT INTO `t_book` VALUES (312, '美好人生运营指南', '9787508688923', 59.00, 'media/book/041c2424c56047f5815e6aa976017e14.jpg', '', '中信出版社', '2018-07-15', NULL, 10103, '2022-05-10 09:31:16', NULL);
INSERT INTO `t_book` VALUES (313, '没有神也没有佛', '9787508689210', 36.00, 'media/book/59fa0081b1ef4cd997514ea00d563e38.jpg', '[日] 佐野洋子', '中信出版社', '2018-07-01', NULL, 10008, '2022-05-10 09:31:16', NULL);
INSERT INTO `t_book` VALUES (314, '不租房的606天', '9787508692203', 52.00, 'media/book/f233338345ba47198699bae814ce467b.jpg', '', '中信出版社', '2018-10-01', NULL, 10103, '2022-05-10 09:31:16', NULL);
INSERT INTO `t_book` VALUES (315, '无所谓，无所畏', '9787508695624', 48.00, 'media/book/39ffe249242346069154a41e8ee74f82.jpg', '', '中信出版社', '2019-01-01', NULL, 10103, '2022-05-10 09:31:16', NULL);
INSERT INTO `t_book` VALUES (316, 'ZOO', '9787509002780', 20.00, 'media/book/4f5fca553101412db1c470e6e35e9f47.jpg', '[日] 乙一', '当代世界出版社', '2007-10-01', NULL, 10001, '2022-05-10 09:31:16', NULL);
INSERT INTO `t_book` VALUES (317, '四书直解', '9787510804700', 58.00, 'media/book/df3a4d5e669a431dbef18203f43619f0.jpg', '', '九州出版社', '2010-06-01', NULL, 10084, '2022-05-10 09:31:16', NULL);
INSERT INTO `t_book` VALUES (318, '中国历代政治得失', '9787510812675', 16.00, 'media/book/1a79261efacb438aafafe92ce2e67391.jpg', '', '九州出版社', '2012-02-01', NULL, 10084, '2022-05-10 09:31:16', NULL);
INSERT INTO `t_book` VALUES (319, '你是我的荣耀', '9787510874451', 36.00, 'media/book/392b1db899b44c12857d1a8949d521c3.jpg', '', '九州出版社', '2019-06-01', NULL, 10103, '2022-05-10 09:31:16', NULL);
INSERT INTO `t_book` VALUES (320, '在峡江的转弯处', '9787511568687', 48.00, 'media/book/7bd173f3d0834bb2a9e54324736d8a9a.jpg', '', '人民日报出版社', '2021-01-01', NULL, 10103, '2022-05-10 09:31:16', NULL);
INSERT INTO `t_book` VALUES (321, '太上感应篇', '9787512000339', 34.80, 'media/book/ae93892743534f328e6994976e3cfbdc.jpg', '', '线装书局', '2010-02-01', NULL, 10084, '2022-05-10 09:31:16', NULL);
INSERT INTO `t_book` VALUES (322, 'Head First HTML与CSS（第2版）', '9787512344778', 98.00, 'media/book/0521ca6971de4e17ad67b50f43fdf771.jpg', '', '中国电力出版社', '2013-09-01', NULL, 10139, '2022-05-10 09:31:16', NULL);
INSERT INTO `t_book` VALUES (323, '凡人脚印', '9787512688148', 48.00, 'media/book/4fc8db0b1b104417a101236c29cbb0f5.jpg', '', '团结出版社', '2021-06-01', NULL, 10103, '2022-05-10 09:31:17', NULL);
INSERT INTO `t_book` VALUES (324, '悬崖山庄奇案', '9787513312172', 28.00, 'media/book/c4ae6568248b444598701e5c767e863c.jpg', '[英] 阿加莎·克里斯蒂', '新星出版社', '2013-05-01', NULL, 10001, '2022-05-10 09:31:17', NULL);
INSERT INTO `t_book` VALUES (325, '走夜路请放声歌唱', '9787513318501', 45.00, 'media/book/7bbbf5d41dba47ad960df1a53183f060.jpg', '李娟', '新星出版社', '2015-09-01', NULL, 10008, '2022-05-10 09:31:17', NULL);
INSERT INTO `t_book` VALUES (326, '犹大之窗', '9787513334334', 49.00, 'media/book/5df51777946c4ede98d53875f7840ded.jpg', '[美] 约翰·迪克森·卡尔', '新星出版社', '2019-06-01', NULL, 10001, '2022-05-10 09:31:17', NULL);
INSERT INTO `t_book` VALUES (327, '爱，需要学习', '9787513346344', 69.00, 'media/book/05993c60efb34556975e1cb1f7ed9ec0.jpg', '', '新星出版社', '2021-12-15', NULL, 10065, '2022-05-10 09:31:17', NULL);
INSERT INTO `t_book` VALUES (328, '资治通鉴熊逸版第1辑', '9787513346498', 399.00, 'media/book/c47360dd32794482afc709b0b7e78121.jpg', '', '', '2021-11-01', NULL, 10084, '2022-05-10 09:31:17', NULL);
INSERT INTO `t_book` VALUES (329, '操纵心理学', '9787513922173', 49.80, 'media/book/7340e89fbfcc430782b8c3d07e426f60.jpg', '[美] 哈丽雅特·B.布瑞克', '', '2020-09-01', NULL, 10065, '2022-05-10 09:31:17', NULL);
INSERT INTO `t_book` VALUES (330, '刻板印象', '9787513935913', 52.00, 'media/book/5f2b4344869642cc88f00efa84ab3426.jpg', '', '民主与建设出版社', '2021-11-01', NULL, 10065, '2022-05-10 09:31:17', NULL);
INSERT INTO `t_book` VALUES (331, '运气的诱饵', '9787513936866', 69.00, 'media/book/d5a6522800394e579448f4e85e9ddf20.jpg', '', '民主与建设出版社', '2021-12-01', NULL, 10065, '2022-05-10 09:31:17', NULL);
INSERT INTO `t_book` VALUES (332, '自控力', '9787514205039', 39.80, 'media/book/f4f92b1d75f8468a877e84d75af44d81.jpg', '[美] 凯利·麦格尼格尔', '', '2012-08-01', NULL, 10103, '2022-05-10 09:31:17', NULL);
INSERT INTO `t_book` VALUES (333, '财务自由之路', '9787514340921', 45.00, 'media/book/6123e280b52646a8b3f785ec5ecfaae9.jpg', '[德] 博多·舍费尔', '现代出版社', '2017-03-01', NULL, 10103, '2022-05-10 09:31:17', NULL);
INSERT INTO `t_book` VALUES (334, '下一站白富美', '9787515804798', 42.00, 'media/book/c9b42453703c4b5fad35ac644602a01a.jpg', '', '中华工商联合出版社', '2013-06-01', NULL, 10103, '2022-05-10 09:31:17', NULL);
INSERT INTO `t_book` VALUES (335, '了不起的我', '9787516824344', 69.00, 'media/book/7f3f7a3c935d452a8d6882d6a67d15fa.jpg', '', '台海出版社', '2019-10-23', NULL, 10103, '2022-05-10 09:31:17', NULL);
INSERT INTO `t_book` VALUES (336, 'Effective Modern C++ 简体中文版', '9787519817749', 99.00, 'media/book/0ec09580ee20405dbac5a1fd68ee0677.jpg', 'Scott Meyers', '中国电力出版社', '2018-04-23', NULL, 10134, '2022-05-10 09:31:17', NULL);
INSERT INTO `t_book` VALUES (337, '我曾走在崩溃的边缘', '9787521703078', 68.00, 'media/book/dff42c5cb554489d875eb0ffc308eaf4.jpg', '俞敏洪', '', '2019-04-01', NULL, 10103, '2022-05-10 09:31:17', NULL);
INSERT INTO `t_book` VALUES (338, '谁动了我的奶酪2', '9787521711400', 45.00, 'media/book/b96448eb4076450f925a3e30f8aa8447.jpg', '', '', '2020-07-01', NULL, 10103, '2022-05-10 09:31:17', NULL);
INSERT INTO `t_book` VALUES (339, '气质之美', '9787521712124', 58.00, 'media/book/522c007c1ed74ea3b1e7c33e4d56d2ac.jpg', '', '', '2020-03-01', NULL, 10103, '2022-05-10 09:31:17', NULL);
INSERT INTO `t_book` VALUES (340, '人生由我', '9787521715637', 59.00, 'media/book/44b2d9e7c1a14196a4c32151aa0af124.jpg', '', '', '2020-06-01', NULL, 10103, '2022-05-10 09:31:17', NULL);
INSERT INTO `t_book` VALUES (341, '真希望我父母读过这本书', '9787521719253', 48.00, 'media/book/6506320ce8594bf4a4ef8441c238f8ae.jpg', '', '', '2020-08-18', NULL, 10065, '2022-05-10 09:31:17', NULL);
INSERT INTO `t_book` VALUES (342, '小狗钱钱', '9787521726473', 39.80, 'media/book/b3911c021a3c4ef784a8b1b23240cbca.jpg', '[德]博多·舍费尔', '', '2021-02-01', NULL, 10103, '2022-05-10 09:31:17', NULL);
INSERT INTO `t_book` VALUES (343, '巨人的方法', '9787521734775', 128.00, 'media/book/d099aa3e0306401c9bc59e38b1377a1d.jpg', '', '中信出版社', '2021-11-01', NULL, 10103, '2022-05-10 09:31:18', NULL);
INSERT INTO `t_book` VALUES (344, '隐谷路', '9787521735147', 78.00, 'media/book/f0c268169a804a62beb458f78248cae0.jpg', '', '', '2021-10-01', NULL, 10065, '2022-05-10 09:31:18', NULL);
INSERT INTO `t_book` VALUES (345, '力量从哪里来', '9787521736533', 59.00, 'media/book/62cb46d6e08a4b3c8bfc4c94c61c23c0.jpg', '', '', '2021-12-01', NULL, 10103, '2022-05-10 09:31:18', NULL);
INSERT INTO `t_book` VALUES (346, '临界点：如何实现指数级增长的人生', '9787521737530', 59.00, 'media/book/a9e8d6ebdef64925b96ee28d4dad3fe3.jpg', '', '中信出版社', '2022-03-01', NULL, 10103, '2022-05-10 09:31:18', NULL);
INSERT INTO `t_book` VALUES (347, '流言', '9787530209615', 28.00, 'media/book/6fc40bf558b144eab9b3cf112770b7ff.jpg', '张爱玲', '北京十月文艺出版社', '2009-06-01', NULL, 10008, '2022-05-10 09:31:18', NULL);
INSERT INTO `t_book` VALUES (348, '寻找家园（增订版）', '9787530210949', 36.00, 'media/book/a41dcf6135c84c8983fe221e4a02c583.jpg', '高尔泰', '北京十月文艺出版社', '2011-06-01', NULL, 10008, '2022-05-10 09:31:18', NULL);
INSERT INTO `t_book` VALUES (349, '我的宝贝', '9787530211045', 32.00, 'media/book/123a104b42864e23ac1b387c8abb074b.jpg', '三毛', '北京十月文艺出版社', '2011-09-01', NULL, 10008, '2022-05-10 09:31:18', NULL);
INSERT INTO `t_book` VALUES (350, '送你一匹马', '9787530211052', 22.00, 'media/book/946a802102634c35bd92e8480ad6ab82.jpg', '三毛', '北京十月文艺出版社', '2011-09-01', NULL, 10008, '2022-05-10 09:31:18', NULL);
INSERT INTO `t_book` VALUES (351, '梦里花落知多少', '9787530211076', 24.00, 'media/book/c8e78286669946e597ca9c8f6db6f0a1.jpg', '三毛', '北京十月文艺出版社', '2011-07-01', NULL, 10008, '2022-05-10 09:31:18', NULL);
INSERT INTO `t_book` VALUES (352, '稻草人手记', '9787530211090', 22.00, 'media/book/b19a28f0acaf45eb83d2675c1e7be8af.jpg', '三毛', '北京十月文艺出版社', '2011-07-01', NULL, 10008, '2022-05-10 09:31:18', NULL);
INSERT INTO `t_book` VALUES (353, '雨季不再来', '9787530211106', 24.00, 'media/book/b75965a66696403faf49ce1222dbd8f3.jpg', '三毛', '北京十月文艺出版社', '2011-07-01', NULL, 10008, '2022-05-10 09:31:18', NULL);
INSERT INTO `t_book` VALUES (354, '平凡的世界', '9787530211267', 28.00, 'media/book/7577ea31048446578f32f2efb0a5091b.jpg', '路遥', '', '2011-09-01', NULL, 10103, '2022-05-10 09:31:18', NULL);
INSERT INTO `t_book` VALUES (355, '眠空', '9787530212738', 39.50, 'media/book/976859b9fcf74c829aa283ca7f08ceaf.jpg', '安妮宝贝', '北京十月文艺出版社', '2013-01-01', NULL, 10008, '2022-05-10 09:31:18', NULL);
INSERT INTO `t_book` VALUES (356, '你是我不及的梦', '9787530213476', 29.50, 'media/book/8a004caa5ad3441c8b0adaaa450dcca7.jpg', '三毛', '北京十月文艺出版社', '2014-01-01', NULL, 10008, '2022-05-10 09:31:18', NULL);
INSERT INTO `t_book` VALUES (357, '我的精神家园', '9787530217467', 39.00, 'media/book/a6a4adba8a1442acbf749ce7ce98d78d.jpg', '王小波', '北京十月文艺出版社', '2017-10-01', NULL, 10008, '2022-05-10 09:31:18', NULL);
INSERT INTO `t_book` VALUES (358, '北京烟树', '9787530221914', 58.00, 'media/book/9e1fe543b86e4f2fa85aac15ddd8b290.jpg', '', '北京十月文艺出版社', '2022-01-01', NULL, 10008, '2022-05-10 09:31:19', NULL);
INSERT INTO `t_book` VALUES (359, '追光少年', '9787530770993', 25.00, 'media/book/b0d12528741c455495a05e336bfbc80e.jpg', '', '新蕾出版社', '2021-01-01', NULL, 10103, '2022-05-10 09:31:19', NULL);
INSERT INTO `t_book` VALUES (360, '每天懂一点人情世故', '9787530848890', 32.00, 'media/book/8f32895d7d1f4227be8d569c58775364.jpg', '', '天津科学技术出版社', '2010-02-01', NULL, 10103, '2022-05-10 09:31:19', NULL);
INSERT INTO `t_book` VALUES (361, '简爱', '9787532131990', 27.00, 'media/book/0ece7625b864464e91cc86493814f8bf.jpg', '[英] 夏洛蒂·勃朗特', '上海文艺出版社', '2007-08-01', NULL, 10103, '2022-05-10 09:31:19', NULL);
INSERT INTO `t_book` VALUES (362, '人鼠之间', '9787532158690', 29.00, 'media/book/017e359c616541e2b826fa43bbe07424.jpg', '[美] 约翰·斯坦贝克（John Steinbeck）', '上海文艺出版社', '2016-01-01', NULL, 10001, '2022-05-10 09:31:19', NULL);
INSERT INTO `t_book` VALUES (363, '中国人的智慧', '9787532165063', 42.00, 'media/book/5113616c38204d92a5d7e2f623b0ab05.jpg', '', '上海文艺出版社', '2017-12-01', NULL, 10084, '2022-05-10 09:31:19', NULL);
INSERT INTO `t_book` VALUES (364, '2001：太空漫游', '9787532170692', 62.00, 'media/book/bdc9198a353d41108c0d683c9ebe4191.jpg', '[英] 阿瑟·克拉克', '上海文艺出版社', '2019-05-10', NULL, 10001, '2022-05-10 09:31:19', NULL);
INSERT INTO `t_book` VALUES (365, '北方厨房', '9787532179084', 68.00, 'media/book/bcd95ae6f5744b3a82bff6a4bff6e81b.jpg', '', '上海文艺出版社', '2021-08-31', NULL, 10008, '2022-05-10 09:31:19', NULL);
INSERT INTO `t_book` VALUES (366, '人间词话', '9787532524808', 9.80, 'media/book/5b060ee867ba4ae5b200423cf9e9b388.jpg', '', '上海古籍出版社', '1998-12-01', NULL, 10084, '2022-05-10 09:31:19', NULL);
INSERT INTO `t_book` VALUES (367, '王阳明全集', '9787532558759', 198.00, 'media/book/3451eb329ec24de5baea854c2ebd461f.jpg', '', '上海古籍出版社', '2011-09-01', NULL, 10084, '2022-05-10 09:31:19', NULL);
INSERT INTO `t_book` VALUES (368, '文心雕龙', '9787532578498', 32.00, 'media/book/0ecda4ddf40847279a3f76368af8be01.jpg', '', '上海古籍出版社', '2015-11-01', NULL, 10084, '2022-05-10 09:31:19', NULL);
INSERT INTO `t_book` VALUES (369, '唐诗鉴赏辞典（新一版）', '9787532639816', 98.00, 'media/book/f2840a8110ca47b8a6dd8aaeb46cf8b0.jpg', '俞平伯', '上海辞书出版社', '2013-08-01', NULL, 10084, '2022-05-10 09:31:19', NULL);
INSERT INTO `t_book` VALUES (370, '基督山伯爵', '9787532712243', 43.90, 'media/book/b700b3b9b0a34013ad626b77856358d1.jpg', '大仲马', '上海译文出版社', '1991-12-01', NULL, 10001, '2022-05-10 09:31:19', NULL);
INSERT INTO `t_book` VALUES (371, '老人与海', '9787532723447', 8.20, 'media/book/38e92fa7f9644d0885172dd0d9ad3d05.jpg', '', '上海译文出版社', '1999-10-01', NULL, 10103, '2022-05-10 09:31:19', NULL);
INSERT INTO `t_book` VALUES (372, '洛丽塔', '9787532738151', 27.00, 'media/book/c241d09bcbfc4e829b7c5da64f291726.jpg', '[美] 弗拉基米尔·纳博科夫', '上海译文出版社', '2005-12-01', NULL, 10001, '2022-05-10 09:31:19', NULL);
INSERT INTO `t_book` VALUES (373, '钢铁是怎样炼成的', '9787532740017', 15.00, 'media/book/10d70555089a4d50a0f364e7f41d3836.jpg', '', '上海译文出版社', '2006-08-01', NULL, 10103, '2022-05-10 09:31:19', NULL);
INSERT INTO `t_book` VALUES (374, '相约星期二', '9787532742707', 49.00, 'media/book/9e18be8ea9ad4242afa5b91de63108c5.jpg', '[美] 米奇·阿尔博姆', '上海译文出版社', '2007-07-01', NULL, 10103, '2022-05-10 09:31:19', NULL);
INSERT INTO `t_book` VALUES (375, '爱的艺术', '9787532745159', 15.00, 'media/book/7028a75579354dfda38b6dfc8adde0c6.jpg', '', '上海译文出版社', '2008-04-01', NULL, 10065, '2022-05-10 09:31:20', NULL);
INSERT INTO `t_book` VALUES (376, '香水', '9787532745449', 25.00, 'media/book/b9b234e8aeb041e086a5467b5c2c64c2.jpg', '[德] 帕·聚斯金德', '上海译文出版社', '2009-06-01', NULL, 10001, '2022-05-10 09:31:20', NULL);
INSERT INTO `t_book` VALUES (377, '基督山伯爵（上、下）', '9787532751242', 59.00, 'media/book/a52a2cb2626a468087d463806d89deec.jpg', '（法）大仲马', '上海译文出版社', '2010-08-01', NULL, 10103, '2022-05-10 09:31:20', NULL);
INSERT INTO `t_book` VALUES (378, '江城', '9787532756728', 36.00, 'media/book/3e5aa21af6eb4835b89475c9768162fc.jpg', '', '上海译文出版社', '2012-01-01', NULL, 10008, '2022-05-10 09:31:20', NULL);
INSERT INTO `t_book` VALUES (379, '恶棍列传', '9787532762880', 25.00, 'media/book/2ab51e5e22f946ae9f1caae9582e1a97.jpg', '[阿根廷] 豪·路·博尔赫斯', '上海译文出版社', '2015-06-01', NULL, 10001, '2022-05-10 09:31:20', NULL);
INSERT INTO `t_book` VALUES (380, '探讨别集', '9787532768035', 35.00, 'media/book/c67408c0bd7e4a0f97f065979f8de78d.jpg', '(阿根廷)豪·路·博尔赫斯', '上海译文出版社', '2015-07-01', NULL, 10008, '2022-05-10 09:31:20', NULL);
INSERT INTO `t_book` VALUES (381, '逃避自由', '9787532769186', 28.00, 'media/book/935155c8588445cd85c63eb8e9262745.jpg', '', '上海译文出版社', '2015-06-01', NULL, 10065, '2022-05-10 09:31:20', NULL);
INSERT INTO `t_book` VALUES (382, '玫瑰的名字', '9787532771356', 89.00, 'media/book/def151abd2724aacb6c408f008696d6b.jpg', '[意] 翁贝托·埃科', '上海译文出版社', '2020-05-01', NULL, 10001, '2022-05-10 09:31:20', NULL);
INSERT INTO `t_book` VALUES (383, '昨日的世界', '9787532777150', 49.00, 'media/book/a544dab87b514964812a5d9498752b70.jpg', '[奥]茨威格', '上海译文出版社', '2018-07-01', NULL, 10008, '2022-05-10 09:31:20', NULL);
INSERT INTO `t_book` VALUES (384, '哲学的慰藉', '9787532785018', 58.00, 'media/book/384492f7e29c433f810ae0874b2fa0bc.jpg', '[英] 阿兰·德波顿', '上海译文出版社', '2020-08-01', NULL, 10103, '2022-05-10 09:31:20', NULL);
INSERT INTO `t_book` VALUES (385, '按自己的意愿过一生', '9787533943608', 39.00, 'media/book/5c595c127e8545a8a21a15130a41e6b9.jpg', '', '浙江文艺出版社', '2016-01-01', NULL, 10103, '2022-05-10 09:31:20', NULL);
INSERT INTO `t_book` VALUES (386, '老人与海', '9787533947354', 39.80, 'media/book/f01b97c397a34e6ba76dd4a44a075634.jpg', '[美] 欧内斯特·海明威', '浙江文艺出版社', '2017-03-01', NULL, 10103, '2022-05-10 09:31:20', NULL);
INSERT INTO `t_book` VALUES (387, '怪诞故事集', '9787533960759', 45.00, 'media/book/7ffcc4e959914e948d90bd5ccfa5143d.jpg', '[波兰] 奥尔加·托卡尔丘克', '浙江文艺出版社', '2020-07-01', NULL, 10001, '2022-05-10 09:31:20', NULL);
INSERT INTO `t_book` VALUES (388, '草房子', '9787534618727', 18.00, 'media/book/5d367b5e0e9948b69e26622f8f14ac32.jpg', '曹文轩', '江苏少年儿童出版社', '2009-06-01', NULL, 10001, '2022-05-10 09:31:20', NULL);
INSERT INTO `t_book` VALUES (389, '传习录', '9787534828379', 32.00, 'media/book/9538ae06a9d840b8b97be5a7a4e240aa.jpg', '', '中州古籍出版社', '2008-01-01', NULL, 10084, '2022-05-10 09:31:20', NULL);
INSERT INTO `t_book` VALUES (390, '奇特的一生', '9787535021175', 13.00, 'media/book/b815671b30034af8a0bc7f1389506f1f.jpg', '', '海燕出版社', '2001-03-01', NULL, 10103, '2022-05-10 09:31:20', NULL);
INSERT INTO `t_book` VALUES (391, '靠自己去成功', '9787535426253', 16.00, 'media/book/307ecf32b3cf4ef3812c8e88ce46685a.jpg', '刘墉', '长江文艺出版社', '2003-10-01', NULL, 10103, '2022-05-10 09:31:20', NULL);
INSERT INTO `t_book` VALUES (392, '千年一叹', '9787535461933', 35.00, 'media/book/9e9ffa6efb2047f6a4cd665c5c14e867.jpg', '余秋雨', '长江文艺出版社', '2012-11-01', NULL, 10008, '2022-05-10 09:31:21', NULL);
INSERT INTO `t_book` VALUES (393, '我的九条命', '9787535495549', 58.00, 'media/book/61a8e72dda4b44ce948e7c26e0a9597e.jpg', '', '长江文艺出版社', '2019-04-01', NULL, 10103, '2022-05-10 09:31:21', NULL);
INSERT INTO `t_book` VALUES (394, '万幸我还活着', '9787535696526', 49.80, 'media/book/c876c925c8964dd1976213f410c7bef8.jpg', '', '湖南美术出版社', '2022-04-01', NULL, 10103, '2022-05-10 09:31:21', NULL);
INSERT INTO `t_book` VALUES (395, '遥远的向日葵地', '9787536084469', 38.00, 'media/book/1ff34e1342384e9a8e5eb8b1bb6371b7.jpg', '', '花城出版社', '2017-11-01', NULL, 10008, '2022-05-10 09:31:21', NULL);
INSERT INTO `t_book` VALUES (396, '我的阿勒泰', '9787536094352', 42.00, 'media/book/873785fb136f4256b9bfbb36b103c9e1.jpg', '李娟', '花城出版社', '2021-08-01', NULL, 10008, '2022-05-10 09:31:21', NULL);
INSERT INTO `t_book` VALUES (397, '大叔', '9787536096752', 56.00, 'media/book/8596a269ecf64364906541890389cfc6.jpg', '', '花城出版社', '2022-03-01', NULL, 10103, '2022-05-10 09:31:21', NULL);
INSERT INTO `t_book` VALUES (398, '鲁滨逊漂流记', '9787536340497', 9.20, 'media/book/96baf0f4e6f54d9e96461ee294f71565.jpg', '[英] 笛福', '广西民族出版社', '2002-01-01', NULL, 10103, '2022-05-10 09:31:21', NULL);
INSERT INTO `t_book` VALUES (399, '富兰克林自传', '9787538755497', 25.00, 'media/book/d0f6d3c2c7164b61a652fc77ac5de27b.jpg', '', '时代文艺出版社', '2017-12-01', NULL, 10103, '2022-05-10 09:31:21', NULL);
INSERT INTO `t_book` VALUES (400, '给孩子们的故事', '9787539196596', 25.00, 'media/book/7bd92ee50e9947e9afbc49b859d2adb7.jpg', '', '二十一世纪出版社', '2014-07-01', NULL, 10103, '2022-05-10 09:31:21', NULL);
INSERT INTO `t_book` VALUES (401, '谁的奋斗不带伤', '9787539642697', 29.80, 'media/book/066e3798362d49f1a285419c6dc555a1.jpg', '', '安徽文艺出版社', '2013-04-01', NULL, 10103, '2022-05-10 09:31:21', NULL);
INSERT INTO `t_book` VALUES (402, '往事悠悠', '9787539904115', 5.60, 'media/book/df2492e0fc1b49a6944fcb7de3ba122b.jpg', '', '江苏文艺出版社', '1992-12-01', NULL, 10103, '2022-05-10 09:31:21', NULL);
INSERT INTO `t_book` VALUES (403, '假如给我三天光明', '9787540220020', 26.00, 'media/book/18c04a7b4828488980c6f2e86fe9a43e.jpg', '', '北京燕山出版社', '2013-03-01', NULL, 10103, '2022-05-10 09:31:21', NULL);
INSERT INTO `t_book` VALUES (404, '世界上的另一个你', '9787540453138', 26.00, 'media/book/07744ccdbd3447f0926b3584c6b8e6f3.jpg', '[美] 朗·霍尔(Ron Hall)', '湖南文艺出版社', '2016-01-01', NULL, 10103, '2022-05-10 09:31:21', NULL);
INSERT INTO `t_book` VALUES (405, '秘密', '9787540461843', 32.00, 'media/book/502f38f1a5c94530a7c3f51370c82bbf.jpg', '朗达•拜恩', '湖南文艺出版社', '2013-06-01', NULL, 10103, '2022-05-10 09:31:21', NULL);
INSERT INTO `t_book` VALUES (406, '意志力是训练出来的', '9787540461911', 29.80, 'media/book/29120bf9301447eb8076813b29c9c8df.jpg', '', '湖南文艺出版社', '2013-06-01', NULL, 10103, '2022-05-10 09:31:21', NULL);
INSERT INTO `t_book` VALUES (407, '雪人', '9787540474836', 39.00, 'media/book/b96c7945d7f54cbe92646ea1952390bf.jpg', '[挪威] 尤·奈斯博', '湖南文艺出版社', '2016-04-01', NULL, 10001, '2022-05-10 09:31:21', NULL);
INSERT INTO `t_book` VALUES (408, '改变，从接受自己的完美开始', '9787540476106', 35.00, 'media/book/8d113b9827e3487f96e7ec1907ac6af7.jpg', '', '湖南文艺出版社', '2016-01-01', NULL, 10103, '2022-05-10 09:31:21', NULL);
INSERT INTO `t_book` VALUES (409, '老子的智慧', '9787540477165', 35.00, 'media/book/3c9edbbdcf964b43bc0326e72a2c0298.jpg', '林语堂', '湖南文艺出版社', '2016-09-01', NULL, 10084, '2022-05-10 09:31:22', NULL);
INSERT INTO `t_book` VALUES (410, '有钱人和你想的不一样', '9787540477745', 38.00, 'media/book/32064b5f45a44f97a1cd4b891ef2a5a0.jpg', '[美] 哈维·艾克', '', '2017-06-01', NULL, 10103, '2022-05-10 09:31:22', NULL);
INSERT INTO `t_book` VALUES (411, '我不惧怕成为这样“强硬”的姑娘', '9787540480370', 38.00, 'media/book/911f8b0fffd04ed691904de94f74234c.jpg', '刘媛媛', '湖南文艺出版社', '2017-05-01', NULL, 10103, '2022-05-10 09:31:22', NULL);
INSERT INTO `t_book` VALUES (412, '湘行散记', '9787540486907', 39.80, 'media/book/03d207d3743f44db9750b7c7df60aebe.jpg', '', '湖南文艺出版社', '2018-07-01', NULL, 10008, '2022-05-10 09:31:22', NULL);
INSERT INTO `t_book` VALUES (413, '你要去相信，没有到不了的明天', '9787540487973', 42.00, 'media/book/3ec440e1c5bb430594d239aec278f3ff.jpg', '', '湖南文艺出版社', '2018-08-01', NULL, 10103, '2022-05-10 09:31:22', NULL);
INSERT INTO `t_book` VALUES (414, '精准努力：刘媛媛的逆袭课', '9787540494452', 48.00, 'media/book/3d6200330618400b9a0d9ef093f145e5.jpg', '', '湖南文艺出版社', '2019-10-01', NULL, 10103, '2022-05-10 09:31:22', NULL);
INSERT INTO `t_book` VALUES (415, '三十岁，一切刚刚开始', '9787540495541', 49.80, 'media/book/bf4706fe1102418982f5cfa9c5611d6d.jpg', '', '湖南文艺出版社', '2020-04-01', NULL, 10103, '2022-05-10 09:31:22', NULL);
INSERT INTO `t_book` VALUES (416, '厌女', '9787542645715', 28.00, 'media/book/cd0e798e20f54b329f111ab257afa5d6.jpg', '', '上海三联书店', '2015-01-01', NULL, 10065, '2022-05-10 09:31:22', NULL);
INSERT INTO `t_book` VALUES (417, '大脚丫跳芭蕾', '9787543464544', 29.80, 'media/book/9a113ae8e6bb49e9926b9b9e58f5f813.jpg', '', '河北教育出版社', '2007-04-01', NULL, 10103, '2022-05-10 09:31:22', NULL);
INSERT INTO `t_book` VALUES (418, '窗边的小豆豆', '9787544222976', 20.00, 'media/book/fc0693168eaf4598bfb17bc880130534.jpg', '[日] 黑柳彻子 著', '南海出版公司', '2003-01-01', NULL, 10008, '2022-05-10 09:31:22', NULL);
INSERT INTO `t_book` VALUES (419, '长恨歌', '9787544225502', 22.00, 'media/book/07e05b9ca92c44c892776b30ebbc6256.jpg', '王安忆', '南海出版公司', '2003-08-01', NULL, 10001, '2022-05-10 09:31:22', NULL);
INSERT INTO `t_book` VALUES (420, '佐贺的超级阿嬷', '9787544234726', 20.00, 'media/book/2a79decd2087470e97998f08dcfdcecb.jpg', '', '南海出版公司', '2007-03-01', NULL, 10103, '2022-05-10 09:31:22', NULL);
INSERT INTO `t_book` VALUES (421, '德川家康（第九部）', '9787544238915', 26.00, 'media/book/0cca9c16d29a480a8a6ab66c4fb78cc8.jpg', '', '南海出版公司', '2008-06-01', NULL, 10103, '2022-05-10 09:31:22', NULL);
INSERT INTO `t_book` VALUES (422, '牧羊少年奇幻之旅', '9787544244190', 25.00, 'media/book/2a783048c801463d9ea617d9cfccd8df.jpg', '[巴西] 保罗·柯艾略', '南海出版公司', '2009-03-01', NULL, 10103, '2022-05-10 09:31:22', NULL);
INSERT INTO `t_book` VALUES (423, '百年孤独', '9787544253994', 39.50, 'media/book/dde695a0446145f4914eafde5bac2e87.jpg', '[哥伦比亚] 加西亚·马尔克斯', '南海出版公司', '2011-06-01', '', 10001, '2022-05-10 09:31:22', NULL);
INSERT INTO `t_book` VALUES (424, '霍乱时期的爱情', '9787544258975', 39.50, 'media/book/fb93b90289d74fbe8c795efa9bdff74b.jpg', '[哥伦比亚] 加西亚·马尔克斯', '南海出版公司', '2012-09-01', '', 10001, '2022-05-10 09:31:22', NULL);
INSERT INTO `t_book` VALUES (425, '解忧杂货店', '9787544270878', 39.50, 'media/book/89faeff16dca44539fa0b153e0844eea.jpg', '[日] 东野圭吾', '南海出版公司', '2014-05-01', NULL, 10103, '2022-05-10 09:31:22', NULL);
INSERT INTO `t_book` VALUES (426, '你当像鸟飞往你的山', '9787544276986', 59.00, 'media/book/d0d187cac3d74a2882fea644f36949e4.jpg', '', '南海出版公司', '2019-10-01', NULL, 10103, '2022-05-10 09:31:23', NULL);
INSERT INTO `t_book` VALUES (427, '时生', '9787544277723', 39.50, 'media/book/f175ae46fa074fa9abb4501d9211036c.jpg', '东野圭吾', '南海出版公司', '2015-07-01', NULL, 10001, '2022-05-10 09:31:23', NULL);
INSERT INTO `t_book` VALUES (428, '圣女的救济', '9787544285643', 45.00, 'media/book/fcf6f05330b54d8b8f5d759a20ca8aef.jpg', '[日] 东野圭吾', '南海出版公司', '2017-01-01', NULL, 10001, '2022-05-10 09:31:23', NULL);
INSERT INTO `t_book` VALUES (429, '灌篮高手（全31卷）', '9787544502313', 232.50, 'media/book/a74dce051f8745ae8cadb0782066aa26.jpg', '[日] 井上雄彦', '长春出版社', '2005-10-01', NULL, 10103, '2022-05-10 09:31:23', NULL);
INSERT INTO `t_book` VALUES (430, '布鲁克林有棵树', '9787544709422', 28.00, 'media/book/dd027ff7289b4015a5ea7923ebb47a97.jpg', '贝蒂·史密斯（Betty Smith)', '译林出版社', '2009-07-01', NULL, 10103, '2022-05-10 09:31:23', NULL);
INSERT INTO `t_book` VALUES (431, '瓦尔登湖', '9787544710763', 22.00, 'media/book/d6d0b5bfd34740f6a0a3ffcc6bac3530.jpg', '〔美〕梭罗', '译林出版社', '2011-01-01', NULL, 10008, '2022-05-10 09:31:23', NULL);
INSERT INTO `t_book` VALUES (432, '我们时代的神经症人格', '9787544717564', 18.00, 'media/book/d31b2168c1154b29bfa974812aea6496.jpg', '', '译林出版社', '2011-05-01', NULL, 10065, '2022-05-10 09:31:23', NULL);
INSERT INTO `t_book` VALUES (433, '乌合之众', '9787544774468', 35.00, 'media/book/d5721f1172694ba0afe98dcd17cd60bc.jpg', '', '译林出版社', '2018-10-01', NULL, 10065, '2022-05-10 09:31:23', NULL);
INSERT INTO `t_book` VALUES (434, '索拉里斯星', '9787544782173', 49.00, 'media/book/70d5403a5dd14384b1024ab95d8ecd76.jpg', '[波] 斯坦尼斯瓦夫·莱姆', '译林出版社', '2021-08-01', '', 10001, '2022-05-10 09:31:23', NULL);
INSERT INTO `t_book` VALUES (435, '我们为何无聊', '9787544789585', 58.00, 'media/book/271184f636714a5ab8a5d8859bd489a7.jpg', '', '译林出版社', '2022-02-01', NULL, 10065, '2022-05-10 09:31:23', NULL);
INSERT INTO `t_book` VALUES (436, '不抓住什么就会飞走的海豹君', '9787544874380', 49.00, 'media/book/5002aac327984eeeb90e4335e4daaecc.jpg', '', '接力出版社', '2021-11-01', NULL, 10103, '2022-05-10 09:31:23', NULL);
INSERT INTO `t_book` VALUES (437, '张其成讲易经', '9787545555530', 88.00, 'media/book/d1c47284edff4e2d860ce70d23c6b5b5.jpg', '', '天地出版社', '2020-09-01', NULL, 10084, '2022-05-10 09:31:23', NULL);
INSERT INTO `t_book` VALUES (438, '走出内向', '9787545560213', 52.00, 'media/book/f2018a6a6e9743b5a75430a2f014c8a8.jpg', '', '天地出版社', '2021-01-01', NULL, 10103, '2022-05-10 09:31:23', NULL);
INSERT INTO `t_book` VALUES (439, '旧日的静定', '9787547431290', 68.00, 'media/book/23c19daa3e3e4ac4a58cf17fcb7ac067.jpg', '', '山东画报出版社', '2019-08-18', NULL, 10008, '2022-05-10 09:31:23', NULL);
INSERT INTO `t_book` VALUES (440, '人间值得', '9787547734315', 49.90, 'media/book/d7352e4ec0f24d40b42f8f44f5a08e53.jpg', '', '北京日报出版社', '2019-08-01', NULL, 10065, '2022-05-10 09:31:23', NULL);
INSERT INTO `t_book` VALUES (441, '强风吹拂', '9787549559671', 39.00, 'media/book/969e1820164a487db38edae79e05ee6c.jpg', '三浦紫苑', '广西师范大学出版社', '2015-01-01', NULL, 10103, '2022-05-10 09:31:24', NULL);
INSERT INTO `t_book` VALUES (442, '献给阿尔吉侬的花束', '9787549565115', 36.00, 'media/book/977f7cb5e29b47b4a6833d1bc482f89b.jpg', '[美] 丹尼尔·凯斯', '广西师范大学出版社', '2015-04-01', '', 10001, '2022-05-10 09:31:24', NULL);
INSERT INTO `t_book` VALUES (443, '每天进步一点点', '9787550201576', 29.80, 'media/book/e6bbd51436104b11919e83e263733fec.jpg', '', '北京联合出版公司', '2011-06-01', NULL, 10103, '2022-05-10 09:31:24', NULL);
INSERT INTO `t_book` VALUES (444, '中国古代文化常识', '9787550232822', 60.00, 'media/book/7ae3a66bf7664f4fa4a702ff3be1a184.jpg', '王力 主编', '北京联合出版公司', '2014-11-01', NULL, 10084, '2022-05-10 09:31:24', NULL);
INSERT INTO `t_book` VALUES (445, '热锅上的家庭', '9787550238909', 68.00, 'media/book/c6e18c787b2047e7a7eb7ca99182c267.jpg', '', '北京联合出版公司', '2020-05-01', NULL, 10065, '2022-05-10 09:31:24', NULL);
INSERT INTO `t_book` VALUES (446, '道德经说什么', '9787550299436', 79.90, 'media/book/d3cafbe478324453b639231c53220142.jpg', '', '北京联合出版公司', '2019-06-01', NULL, 10084, '2022-05-10 09:31:24', NULL);
INSERT INTO `t_book` VALUES (447, '你要如何衡量你的人生', '9787553411217', 29.80, 'media/book/8cc4f46c915b48b6bf032d430ff8f819.jpg', '', '吉林出版集团', '2013-01-01', NULL, 10103, '2022-05-10 09:31:24', NULL);
INSERT INTO `t_book` VALUES (448, '也许你该找个人聊聊', '9787553522838', 68.00, 'media/book/8d272062bda74a8d992a5d8e7b3fb649.jpg', '', '', '2021-07-28', NULL, 10065, '2022-05-10 09:31:24', NULL);
INSERT INTO `t_book` VALUES (449, '依然热爱生活', '9787553524115', 49.80, 'media/book/8891e0b02a294dbd8caeb097b85ace21.jpg', '', '上海文化出版社', '2022-01-01', NULL, 10103, '2022-05-10 09:31:24', NULL);
INSERT INTO `t_book` VALUES (450, '孔子与论语', '9787553813707', 68.00, 'media/book/4ade7d8e0bfa4f89b434060366350399.jpg', '钱穆', '岳麓书社', '2020-11-01', NULL, 10084, '2022-05-10 09:31:24', NULL);
INSERT INTO `t_book` VALUES (451, '心安即是归处', '9787554615430', 49.00, 'media/book/17dbd74bb0594a27a21b2360c632d080.jpg', '', '古吴轩出版社', '2020-08-01', NULL, 10008, '2022-05-10 09:31:24', NULL);
INSERT INTO `t_book` VALUES (452, '孤独到深处', '9787554615669', 49.00, 'media/book/ccf7931f2b804830b1e7440670cd62b2.jpg', '', '古吴轩出版社', '2020-09-01', NULL, 10008, '2022-05-10 09:31:24', NULL);
INSERT INTO `t_book` VALUES (453, '打火机与公主裙·荒草园', '9787555247630', 36.00, 'media/book/bbb797d1183d437486d0042f9fbd9acc.jpg', '', '青岛出版社', '2017-03-01', NULL, 10103, '2022-05-10 09:31:24', NULL);
INSERT INTO `t_book` VALUES (454, '福格行为模型', '9787557696672', 109.90, 'media/book/f92e648c00764e1297d3dd1fbb9fd2e9.jpg', '', '', '2021-10-01', NULL, 10065, '2022-05-10 09:31:24', NULL);
INSERT INTO `t_book` VALUES (455, '天才基本法', '9787559437389', 78.00, 'media/book/02608671721e439b814a0155c2bab1eb.jpg', '', '江苏凤凰文艺出版社', '2019-07-01', NULL, 10103, '2022-05-10 09:31:24', NULL);
INSERT INTO `t_book` VALUES (456, '猎星者（全二册）', '9787559439956', 76.00, 'media/book/a94db19f4e2a49ffbf0e894b0bfc499c.jpg', '', '江苏凤凰文艺出版社', '2019-12-01', NULL, 10103, '2022-05-10 09:31:24', NULL);
INSERT INTO `t_book` VALUES (457, '慢慢变富', '9787559457233', 52.00, 'media/book/074d3e4393ac46d9b13aa69ae1e21978.jpg', '', '江苏凤凰文艺出版社', '2021-05-01', NULL, 10103, '2022-05-10 09:31:25', NULL);
INSERT INTO `t_book` VALUES (458, '心的力量', '9787559459459', 49.80, 'media/book/4e36dabced1a42e8bb51dff96c2be159.jpg', '', '江苏凤凰文艺出版社', '2021-06-01', NULL, 10103, '2022-05-10 09:31:25', NULL);
INSERT INTO `t_book` VALUES (459, '寂寞的游戏', '9787559604170', 38.00, 'media/book/97fff1e838f94def89d34d6da6394830.jpg', '袁哲生', '北京联合出版公司', '2017-09-01', NULL, 10008, '2022-05-10 09:31:25', NULL);
INSERT INTO `t_book` VALUES (460, '沟通的艺术（插图修订第15版）', '9787559608208', 88.00, 'media/book/dc9fe8982efe4473a6966824452fe3c0.jpg', '[美] 罗纳德·B·阿德勒', '北京联合出版公司', '2017-10-01', NULL, 10103, '2022-05-10 09:31:25', NULL);
INSERT INTO `t_book` VALUES (461, '高敏感是种天赋', '9787559608710', 45.00, 'media/book/ed72a49744c2458687a5b5fb28ff4cbc.jpg', '', '北京联合出版公司', '2017-08-01', NULL, 10065, '2022-05-10 09:31:25', NULL);
INSERT INTO `t_book` VALUES (462, '房思琪的初恋乐园', '9787559614636', 45.00, 'media/book/2db5948071ca45e9bca5db0c5e4ea9b5.jpg', '林奕含', '北京联合出版公司', '2018-02-01', '', 10001, '2022-05-10 09:31:25', NULL);
INSERT INTO `t_book` VALUES (463, '掌控习惯', '9787559632265', 56.00, 'media/book/4fb742ea274849298b7766db41f954af.jpg', '', '北京联合出版公司', '2019-07-01', NULL, 10065, '2022-05-10 09:31:25', NULL);
INSERT INTO `t_book` VALUES (464, '项塔兰', '9787559642882', 52.00, 'media/book/4f775e6037c64a90a21ac28e1e5d04b1.jpg', '格里高利·大卫·罗伯兹', '北京联合出版公司', '2020-08-01', NULL, 10001, '2022-05-10 09:31:25', NULL);
INSERT INTO `t_book` VALUES (465, '苍炎 2', '9787559646767', 68.00, 'media/book/2482acefa5304995a465e041fc5f70eb.jpg', '', '北京联合出版公司', '2020-12-01', NULL, 10103, '2022-05-10 09:31:25', NULL);
INSERT INTO `t_book` VALUES (466, '国风少女', '9787559657008', 45.00, 'media/book/a63056b1243945679a00eafae38b73b8.jpg', '', '北京联合出版公司', '2022-01-01', NULL, 10103, '2022-05-10 09:31:25', NULL);
INSERT INTO `t_book` VALUES (467, '强风吹拂', '9787559817617', 58.00, 'media/book/48cef00f4c0646d491f50a8aad01b1cb.jpg', '[日] 三浦紫苑', '广西师范大学出版社', '2019-10-01', NULL, 10103, '2022-05-10 09:31:25', NULL);
INSERT INTO `t_book` VALUES (468, '政治', '9787559842824', 49.80, 'media/book/eac31971e9d143d9a3b24aef971c4130.jpg', '', '广西师范大学出版社', '2021-11-01', NULL, 10084, '2022-05-10 09:31:25', NULL);
INSERT INTO `t_book` VALUES (469, '神经网络', '9787560619026', 26.00, 'media/book/4b64e2861df745e2bfc7edd71cb87edd.jpg', '', '西安电子科技大学出版社', '2007-08-01', NULL, 10143, '2022-05-10 09:31:25', NULL);
INSERT INTO `t_book` VALUES (470, '深度探索C++对象模型', '9787560924182', 54.00, 'media/book/52f1f394f046443790a73e9a4b96ea12.jpg', '[美] Stanley B. Lippman', '华中科技大学出版社', '2001-05-01', NULL, 10134, '2022-05-10 09:31:25', NULL);
INSERT INTO `t_book` VALUES (471, '春秋大义', '9787561340868', 49.80, 'media/book/9f922f92bd9e436094d69a7ba4ba925d.jpg', '熊逸', '陕西师范大学出版社', '2007-12-01', NULL, 10084, '2022-05-10 09:31:25', NULL);
INSERT INTO `t_book` VALUES (472, '易经真的很容易', '9787561346259', 32.00, 'media/book/92e9527bc78b4c3d8685f25e35cf7838.jpg', '', '陕西师范大学出版社', '2009-04-01', NULL, 10084, '2022-05-10 09:31:26', NULL);
INSERT INTO `t_book` VALUES (473, '易经', '9787561516782', 21.00, 'media/book/bdaeba3635cf445ab34799dc37d867f6.jpg', '', '厦门大学出版社', '2000-11-01', NULL, 10084, '2022-05-10 09:31:26', NULL);
INSERT INTO `t_book` VALUES (474, '社会性动物', '9787561756638', 45.00, 'media/book/6e7bbbd67895482b8207f8291ffccf9e.jpg', '', '华东师范大学出版社', '2007-12-01', NULL, 10065, '2022-05-10 09:31:26', NULL);
INSERT INTO `t_book` VALUES (475, 'JavaScript', '9787564114473', 28.00, 'media/book/c045140113684f63b349b831e10030e4.jpg', '', '东南大学出版社', '2009-01-01', NULL, 10139, '2022-05-10 09:31:26', NULL);
INSERT INTO `t_book` VALUES (476, 'REST实战', '9787564129651', 78.00, 'media/book/c3e80369a260415b87a24a6ba08cd474.jpg', '', '东南大学出版社', '2011-10-01', NULL, 10139, '2022-05-10 09:31:26', NULL);
INSERT INTO `t_book` VALUES (477, 'Effective Modern C++', '9787564159115', 62.00, 'media/book/9f36b3ffee3b4090bc4af804e4b2f036.jpg', 'Scott Meyers', '东南大学出版社', '2015-09-01', NULL, 10134, '2022-05-10 09:31:26', NULL);
INSERT INTO `t_book` VALUES (478, '澳门赌王：何鸿燊全传', '9787568022811', 38.00, 'media/book/e3bd879e93f14e4cab550e01aec36354.jpg', '', '华中科技大学出版社', '2017-01-15', NULL, 10103, '2022-05-10 09:31:26', NULL);
INSERT INTO `t_book` VALUES (479, '零基础学HTML5+CSS3（全彩版）', '9787569212709', 57.90, 'media/book/a36bff5e20e04d99a7986cddadd10153.jpg', '', '吉林大学出版社', '2017-11-01', NULL, 10139, '2022-05-10 09:31:26', NULL);
INSERT INTO `t_book` VALUES (480, '吉田医生哈佛求学记', '9787569904734', 35.00, 'media/book/2e727cfe82fd4bea9e5b3bd4e92a455f.jpg', '', '北京时代华文书局', '2015-10-01', NULL, 10103, '2022-05-10 09:31:26', NULL);
INSERT INTO `t_book` VALUES (481, '易经的奥秘（完整版）', '9787569915150', 64.00, 'media/book/24d50d74c39347baa00a994e4d0da778.jpg', '', '北京时代华文书局', '2017-07-01', NULL, 10084, '2022-05-10 09:31:26', NULL);
INSERT INTO `t_book` VALUES (482, '大脑之美', '9787571004439', 148.00, 'media/book/495e75229d0c4145a843d72b9fe832fe.jpg', '', '湖南科学技术出版社', '2020-11-01', NULL, 10143, '2022-05-10 09:31:26', NULL);
INSERT INTO `t_book` VALUES (483, '噪声', '9787572221354', 139.90, 'media/book/5172a258e25c45f0ac7d473f4bb92c05.jpg', '', '浙江教育出版社', '2021-09-01', NULL, 10065, '2022-05-10 09:31:26', NULL);
INSERT INTO `t_book` VALUES (484, '女孩们的地下战争', '9787573002877', 72.00, 'media/book/69d235e7e4f449a5b47fb2fc83e51450.jpg', '', '', '2022-01-01', NULL, 10065, '2022-05-10 09:31:26', NULL);
INSERT INTO `t_book` VALUES (485, '拿破仑·希尔成功学全书（上下）', '9787801273383', 44.70, 'media/book/bcba460e700b4149ae66c66acf2736c4.jpg', '', '经济日报出版社', '1997-06-01', NULL, 10103, '2022-05-10 09:31:26', NULL);
INSERT INTO `t_book` VALUES (486, '行者无疆', '9787801423849', 22.00, 'media/book/69103576d1b941b7a38fb1b5878d6bce.jpg', '余秋雨', '华艺出版社', '2001-10-01', NULL, 10008, '2022-05-10 09:31:26', NULL);
INSERT INTO `t_book` VALUES (487, '明朝那些事儿（1-9）', '9787801656087', 358.20, 'media/book/6614e4eebb524b9d87e77ae72a44ca2b.jpg', '当年明月', '中国海关出版社', '2009-04-01', NULL, 10103, '2022-05-10 09:31:27', NULL);
INSERT INTO `t_book` VALUES (488, '素书', '9787801809469', 30.00, 'media/book/a24311f9be1941ab8d2c7f68e2abec71.jpg', '黄石公', '经济日报出版社', '2009-01-01', NULL, 10084, '2022-05-10 09:31:27', NULL);
INSERT INTO `t_book` VALUES (489, '富兰克林自传', '9787802186880', 28.80, 'media/book/1f631f48e53a46818642839fff4aa822.jpg', '', '中国宇航出版社', '2010-01-01', NULL, 10103, '2022-05-10 09:31:27', NULL);
INSERT INTO `t_book` VALUES (490, '圆运动的古中医学', '9787802312074', 28.00, 'media/book/53c503030f1c44329e56233b2493e695.jpg', '', '中国中医药出版社', '2007-06-01', NULL, 10084, '2022-05-10 09:31:27', NULL);
INSERT INTO `t_book` VALUES (491, '千字文', '9787805200392', 5.00, 'media/book/e7650c1a7ea54dfda3567f054769131d.jpg', '', '岳麓书社', '2002-06-01', NULL, 10084, '2022-05-10 09:31:27', NULL);
INSERT INTO `t_book` VALUES (492, '钢铁是怎样炼成的', '9787805674254', 20.00, 'media/book/2db7db464c4e418ea475e11b0c633c9b.jpg', '[苏] 尼·奥斯特洛夫斯基', '译林出版社', '1996-10-01', NULL, 10103, '2022-05-10 09:31:27', NULL);
INSERT INTO `t_book` VALUES (493, '撒哈拉的故事', '9787806398791', 15.80, 'media/book/29035021625d4affa1d154eccfc63809.jpg', '三毛', '哈尔滨出版社', '2003-08-01', NULL, 10008, '2022-05-10 09:31:27', NULL);
INSERT INTO `t_book` VALUES (494, '拆掉思维里的墙', '9787806638866', 29.80, 'media/book/782578fee172458a827db21e6050cd70.jpg', '古典', '中国书店', '2010-09-01', NULL, 10103, '2022-05-10 09:31:27', NULL);
INSERT INTO `t_book` VALUES (495, '寻觅意义', '9787806858189', 20.00, 'media/book/5d10e0678d3240a49ca81ca2fa2b7f76.jpg', '', '上海画报出版社', '2007-08-01', NULL, 10008, '2022-05-10 09:31:27', NULL);
INSERT INTO `t_book` VALUES (496, '人生不设限', '9787806886694', 29.80, 'media/book/f4a3c22875364dfcaa9f0e642e3218e5.jpg', 'Nick Vujicic', '天津社会科学院出版社', '2011-06-15', NULL, 10103, '2022-05-10 09:31:27', NULL);
INSERT INTO `t_book` VALUES (497, '少有人走的路', '9787807023777', 26.00, 'media/book/a235c896a01b4158b82aa1b6ef499815.jpg', '', '吉林文史出版社', '2007-01-01', NULL, 10103, '2022-05-10 09:31:27', NULL);
INSERT INTO `t_book` VALUES (498, '草木光阴', '9787807682417', 58.00, 'media/book/be3a0ccef7814653b941978acf924062.jpg', '', '', '2018-06-01', NULL, 10008, '2022-05-10 09:31:27', NULL);
INSERT INTO `t_book` VALUES (499, '神经计算智能基础', '9787810573764', 20.00, 'media/book/5e42c8e47b2740d9bf1d39862923a53a.jpg', '', '西南交通大学出版社', '2000-01-01', NULL, 10143, '2022-05-10 09:31:27', NULL);
INSERT INTO `t_book` VALUES (500, '大规模人工神经网络理论基础', '9787810821742', 24.00, 'media/book/b6a63d7707d54435a34fe040d73e5706.jpg', '', '清华大学出版社', '2004-02-01', NULL, 10143, '2022-05-10 09:31:27', NULL);
INSERT INTO `t_book` VALUES (501, '八字命理学基础教程', '9789621459978', 125.00, 'media/book/bb6c620076f44888a5b0951308051304.jpg', '', '', '2016-05-01', NULL, 10084, '2022-05-10 09:31:27', NULL);
INSERT INTO `t_book` VALUES (502, '敏行快跑!(01)', '9789861761312', 120.00, 'media/book/590aa807e65946beb1112648950e35be.jpg', '', '', '2006-08-08', NULL, 10103, '2022-05-10 09:31:27', NULL);

-- ----------------------------
-- Table structure for t_cart
-- ----------------------------
DROP TABLE IF EXISTS `t_cart`;
CREATE TABLE `t_cart`  (
  `id` bigint(20) NOT NULL AUTO_INCREMENT,
  `book_id` bigint(20) NOT NULL,
  `user_id` bigint(20) NOT NULL,
  `count` tinyint(1) UNSIGNED NULL DEFAULT 1,
  `create_time` datetime NOT NULL,
  PRIMARY KEY (`id`) USING BTREE,
  UNIQUE INDEX `user_id`(`user_id`, `book_id`) USING BTREE
) ENGINE = InnoDB AUTO_INCREMENT = 1 CHARACTER SET = utf8 COLLATE = utf8_general_ci ROW_FORMAT = Dynamic;

-- ----------------------------
-- Records of t_cart
-- ----------------------------

-- ----------------------------
-- Table structure for t_category
-- ----------------------------
DROP TABLE IF EXISTS `t_category`;
CREATE TABLE `t_category`  (
  `id` int(11) NOT NULL AUTO_INCREMENT,
  `name` varchar(30) CHARACTER SET utf8 COLLATE utf8_general_ci NOT NULL,
  `parent_id` int(11) NULL DEFAULT NULL,
  PRIMARY KEY (`id`) USING BTREE,
  UNIQUE INDEX `name`(`name`) USING BTREE
) ENGINE = InnoDB AUTO_INCREMENT = 10147 CHARACTER SET = utf8 COLLATE = utf8_general_ci ROW_FORMAT = Dynamic;

-- ----------------------------
-- Records of t_category
-- ----------------------------
INSERT INTO `t_category` VALUES (1, '测试分类', NULL);
INSERT INTO `t_category` VALUES (1001, '文学', NULL);
INSERT INTO `t_category` VALUES (1002, '流行', NULL);
INSERT INTO `t_category` VALUES (1003, '文化', NULL);
INSERT INTO `t_category` VALUES (1004, '生活', NULL);
INSERT INTO `t_category` VALUES (1005, '经管', NULL);
INSERT INTO `t_category` VALUES (1006, '科技', NULL);
INSERT INTO `t_category` VALUES (10001, '小说', 1001);
INSERT INTO `t_category` VALUES (10003, '外国文学', 1001);
INSERT INTO `t_category` VALUES (10004, '经典', 1001);
INSERT INTO `t_category` VALUES (10005, '中国文学', 1001);
INSERT INTO `t_category` VALUES (10006, '随笔', 1001);
INSERT INTO `t_category` VALUES (10007, '日本文学', 1001);
INSERT INTO `t_category` VALUES (10008, '散文', 1001);
INSERT INTO `t_category` VALUES (10009, '村上春树', 1001);
INSERT INTO `t_category` VALUES (10010, '诗歌', 1001);
INSERT INTO `t_category` VALUES (10011, '童话', 1001);
INSERT INTO `t_category` VALUES (10012, '名著', 1001);
INSERT INTO `t_category` VALUES (10013, '儿童文学', 1001);
INSERT INTO `t_category` VALUES (10014, '古典文学', 1001);
INSERT INTO `t_category` VALUES (10015, '余华', 1001);
INSERT INTO `t_category` VALUES (10016, '王小波', 1001);
INSERT INTO `t_category` VALUES (10017, '当代文学', 1001);
INSERT INTO `t_category` VALUES (10018, '杂文', 1001);
INSERT INTO `t_category` VALUES (10019, '张爱玲', 1001);
INSERT INTO `t_category` VALUES (10020, '外国名著', 1001);
INSERT INTO `t_category` VALUES (10021, '鲁迅', 1001);
INSERT INTO `t_category` VALUES (10022, '钱钟书', 1001);
INSERT INTO `t_category` VALUES (10023, '诗词', 1001);
INSERT INTO `t_category` VALUES (10024, '茨威格', 1001);
INSERT INTO `t_category` VALUES (10025, '米兰·昆德拉', 1001);
INSERT INTO `t_category` VALUES (10026, '杜拉斯', 1001);
INSERT INTO `t_category` VALUES (10027, '港台', 1001);
INSERT INTO `t_category` VALUES (10028, '漫画', 1002);
INSERT INTO `t_category` VALUES (10029, '推理', 1002);
INSERT INTO `t_category` VALUES (10030, '绘本', 1002);
INSERT INTO `t_category` VALUES (10031, '悬疑', 1002);
INSERT INTO `t_category` VALUES (10032, '东野圭吾', 1002);
INSERT INTO `t_category` VALUES (10033, '青春', 1002);
INSERT INTO `t_category` VALUES (10034, '科幻', 1002);
INSERT INTO `t_category` VALUES (10035, '言情', 1002);
INSERT INTO `t_category` VALUES (10036, '推理小说', 1002);
INSERT INTO `t_category` VALUES (10037, '奇幻', 1002);
INSERT INTO `t_category` VALUES (10038, '武侠', 1002);
INSERT INTO `t_category` VALUES (10039, '日本漫画', 1002);
INSERT INTO `t_category` VALUES (10040, '耽美', 1002);
INSERT INTO `t_category` VALUES (10041, '科幻小说', 1002);
INSERT INTO `t_category` VALUES (10042, '网络小说', 1002);
INSERT INTO `t_category` VALUES (10043, '三毛', 1002);
INSERT INTO `t_category` VALUES (10044, '韩寒', 1002);
INSERT INTO `t_category` VALUES (10045, '亦舒', 1002);
INSERT INTO `t_category` VALUES (10046, '阿加莎·克里斯蒂', 1002);
INSERT INTO `t_category` VALUES (10047, '金庸', 1002);
INSERT INTO `t_category` VALUES (10048, '穿越', 1002);
INSERT INTO `t_category` VALUES (10049, '安妮宝贝', 1002);
INSERT INTO `t_category` VALUES (10050, '魔幻', 1002);
INSERT INTO `t_category` VALUES (10051, '轻小说', 1002);
INSERT INTO `t_category` VALUES (10052, '郭敬明', 1002);
INSERT INTO `t_category` VALUES (10053, '青春文学', 1002);
INSERT INTO `t_category` VALUES (10054, '几米', 1002);
INSERT INTO `t_category` VALUES (10055, 'J.K.罗琳', 1002);
INSERT INTO `t_category` VALUES (10056, '幾米', 1002);
INSERT INTO `t_category` VALUES (10057, '张小娴', 1002);
INSERT INTO `t_category` VALUES (10058, '校园', 1002);
INSERT INTO `t_category` VALUES (10059, '古龙', 1002);
INSERT INTO `t_category` VALUES (10060, '高木直子', 1002);
INSERT INTO `t_category` VALUES (10061, '沧月', 1002);
INSERT INTO `t_category` VALUES (10062, '余秋雨', 1002);
INSERT INTO `t_category` VALUES (10063, '张悦然', 1003);
INSERT INTO `t_category` VALUES (10064, '历史', 1003);
INSERT INTO `t_category` VALUES (10065, '心理学', 1003);
INSERT INTO `t_category` VALUES (10066, '哲学', 1003);
INSERT INTO `t_category` VALUES (10067, '社会学', 1003);
INSERT INTO `t_category` VALUES (10068, '传记', 1003);
INSERT INTO `t_category` VALUES (10070, '艺术', 1003);
INSERT INTO `t_category` VALUES (10071, '社会', 1003);
INSERT INTO `t_category` VALUES (10072, '政治', 1003);
INSERT INTO `t_category` VALUES (10073, '设计', 1003);
INSERT INTO `t_category` VALUES (10074, '政治学', 1003);
INSERT INTO `t_category` VALUES (10075, '宗教', 1003);
INSERT INTO `t_category` VALUES (10076, '建筑', 1003);
INSERT INTO `t_category` VALUES (10077, '电影', 1003);
INSERT INTO `t_category` VALUES (10078, '中国历史', 1003);
INSERT INTO `t_category` VALUES (10079, '数学', 1003);
INSERT INTO `t_category` VALUES (10080, '回忆录', 1003);
INSERT INTO `t_category` VALUES (10081, '思想', 1003);
INSERT INTO `t_category` VALUES (10082, '人物传记', 1003);
INSERT INTO `t_category` VALUES (10083, '艺术史', 1003);
INSERT INTO `t_category` VALUES (10084, '国学', 1003);
INSERT INTO `t_category` VALUES (10085, '人文', 1003);
INSERT INTO `t_category` VALUES (10086, '音乐', 1003);
INSERT INTO `t_category` VALUES (10087, '绘画', 1003);
INSERT INTO `t_category` VALUES (10088, '西方哲学', 1003);
INSERT INTO `t_category` VALUES (10089, '戏剧', 1003);
INSERT INTO `t_category` VALUES (10090, '近代史', 1003);
INSERT INTO `t_category` VALUES (10091, '二战', 1003);
INSERT INTO `t_category` VALUES (10092, '军事', 1003);
INSERT INTO `t_category` VALUES (10093, '佛教', 1003);
INSERT INTO `t_category` VALUES (10094, '考古', 1003);
INSERT INTO `t_category` VALUES (10095, '自由主义', 1003);
INSERT INTO `t_category` VALUES (10096, '美术', 1003);
INSERT INTO `t_category` VALUES (10097, '爱情', 1004);
INSERT INTO `t_category` VALUES (10098, '成长', 1004);
INSERT INTO `t_category` VALUES (10100, '心理', 1004);
INSERT INTO `t_category` VALUES (10101, '女性', 1004);
INSERT INTO `t_category` VALUES (10102, '旅行', 1004);
INSERT INTO `t_category` VALUES (10103, '励志', 1004);
INSERT INTO `t_category` VALUES (10104, '教育', 1004);
INSERT INTO `t_category` VALUES (10105, '摄影', 1004);
INSERT INTO `t_category` VALUES (10106, '职场', 1004);
INSERT INTO `t_category` VALUES (10107, '美食', 1004);
INSERT INTO `t_category` VALUES (10108, '游记', 1004);
INSERT INTO `t_category` VALUES (10109, '灵修', 1004);
INSERT INTO `t_category` VALUES (10110, '健康', 1004);
INSERT INTO `t_category` VALUES (10111, '情感', 1004);
INSERT INTO `t_category` VALUES (10112, '人际关系', 1004);
INSERT INTO `t_category` VALUES (10113, '两性', 1004);
INSERT INTO `t_category` VALUES (10114, '养生', 1004);
INSERT INTO `t_category` VALUES (10115, '手工', 1004);
INSERT INTO `t_category` VALUES (10116, '家居', 1004);
INSERT INTO `t_category` VALUES (10117, '自助游', 1004);
INSERT INTO `t_category` VALUES (10118, '经济学', 1005);
INSERT INTO `t_category` VALUES (10119, '管理', 1005);
INSERT INTO `t_category` VALUES (10120, '经济', 1005);
INSERT INTO `t_category` VALUES (10121, '商业', 1005);
INSERT INTO `t_category` VALUES (10122, '金融', 1005);
INSERT INTO `t_category` VALUES (10123, '投资', 1005);
INSERT INTO `t_category` VALUES (10124, '营销', 1005);
INSERT INTO `t_category` VALUES (10125, '理财', 1005);
INSERT INTO `t_category` VALUES (10126, '创业', 1005);
INSERT INTO `t_category` VALUES (10127, '股票', 1005);
INSERT INTO `t_category` VALUES (10128, '广告', 1005);
INSERT INTO `t_category` VALUES (10129, '企业史', 1005);
INSERT INTO `t_category` VALUES (10130, '策划', 1005);
INSERT INTO `t_category` VALUES (10131, '科普', 1006);
INSERT INTO `t_category` VALUES (10132, '互联网', 1006);
INSERT INTO `t_category` VALUES (10133, '科学', 1006);
INSERT INTO `t_category` VALUES (10134, '编程', 1006);
INSERT INTO `t_category` VALUES (10135, '交互设计', 1006);
INSERT INTO `t_category` VALUES (10136, '算法', 1006);
INSERT INTO `t_category` VALUES (10137, '用户体验', 1006);
INSERT INTO `t_category` VALUES (10139, 'web', 1006);
INSERT INTO `t_category` VALUES (10140, '交互', 1006);
INSERT INTO `t_category` VALUES (10141, '通信', 1006);
INSERT INTO `t_category` VALUES (10142, 'UE', 1006);
INSERT INTO `t_category` VALUES (10143, '神经网络', 1006);
INSERT INTO `t_category` VALUES (10144, 'UCD', 1006);
INSERT INTO `t_category` VALUES (10145, '程序', 1006);

-- ----------------------------
-- Table structure for t_comment
-- ----------------------------
DROP TABLE IF EXISTS `t_comment`;
CREATE TABLE `t_comment`  (
  `id` bigint(20) NOT NULL AUTO_INCREMENT,
  `content` varchar(255) CHARACTER SET utf8 COLLATE utf8_general_ci NOT NULL,
  `user_id` bigint(20) NOT NULL,
  `book_id` bigint(20) NOT NULL,
  `order_id` bigint(20) NOT NULL,
  `create_time` datetime NOT NULL,
  `score` decimal(2, 1) NOT NULL,
  PRIMARY KEY (`id`) USING BTREE,
  UNIQUE INDEX `user_id`(`user_id`, `order_id`) USING BTREE
) ENGINE = InnoDB AUTO_INCREMENT = 1 CHARACTER SET = utf8 COLLATE = utf8_general_ci ROW_FORMAT = Dynamic;

-- ----------------------------
-- Records of t_comment
-- ----------------------------

-- ----------------------------
-- Table structure for t_oplog
-- ----------------------------
DROP TABLE IF EXISTS `t_oplog`;
CREATE TABLE `t_oplog`  (
  `id` int(11) NOT NULL AUTO_INCREMENT,
  `user_id` int(11) NULL DEFAULT NULL,
  `ip` varchar(100) CHARACTER SET utf8 COLLATE utf8_general_ci NULL DEFAULT NULL,
  `reason` varchar(600) CHARACTER SET utf8 COLLATE utf8_general_ci NULL DEFAULT NULL,
  `createTime` datetime NULL DEFAULT NULL,
  PRIMARY KEY (`id`) USING BTREE
) ENGINE = InnoDB AUTO_INCREMENT = 1 CHARACTER SET = utf8 COLLATE = utf8_general_ci ROW_FORMAT = Dynamic;

-- ----------------------------
-- Records of t_oplog
-- ----------------------------

-- ----------------------------
-- Table structure for t_order
-- ----------------------------
DROP TABLE IF EXISTS `t_order`;
CREATE TABLE `t_order`  (
  `id` bigint(20) NOT NULL AUTO_INCREMENT,
  `user_id` bigint(20) NOT NULL,
  `book_id` bigint(20) NOT NULL,
  `book_title` varchar(50) CHARACTER SET utf8 COLLATE utf8_general_ci NOT NULL,
  `book_isbn` char(13) CHARACTER SET utf8 COLLATE utf8_general_ci NOT NULL,
  `book_picture` varchar(255) CHARACTER SET utf8 COLLATE utf8_general_ci NULL DEFAULT NULL,
  `book_price` decimal(10, 2) NOT NULL,
  `number` int(11) NOT NULL,
  `price` decimal(10, 2) NOT NULL,
  `pay_type` varchar(10) CHARACTER SET utf8 COLLATE utf8_general_ci NOT NULL,
  `state` tinyint(1) NOT NULL DEFAULT 1,
  `province` varchar(20) CHARACTER SET utf8 COLLATE utf8_general_ci NOT NULL,
  `city` varchar(20) CHARACTER SET utf8 COLLATE utf8_general_ci NOT NULL,
  `district` varchar(20) CHARACTER SET utf8 COLLATE utf8_general_ci NOT NULL,
  `detail` varchar(255) CHARACTER SET utf8 COLLATE utf8_general_ci NOT NULL,
  `signer_name` varchar(20) CHARACTER SET utf8 COLLATE utf8_general_ci NOT NULL,
  `signer_mobile` varchar(11) CHARACTER SET utf8 COLLATE utf8_general_ci NOT NULL,
  `description` varchar(255) CHARACTER SET utf8 COLLATE utf8_general_ci NULL DEFAULT NULL,
  `create_time` datetime NOT NULL,
  `update_time` datetime NULL DEFAULT NULL,
  PRIMARY KEY (`id`) USING BTREE
) ENGINE = InnoDB AUTO_INCREMENT = 1 CHARACTER SET = utf8 COLLATE = utf8_general_ci ROW_FORMAT = Dynamic;

-- ----------------------------
-- Records of t_order
-- ----------------------------

-- ----------------------------
-- Table structure for t_user
-- ----------------------------
DROP TABLE IF EXISTS `t_user`;
CREATE TABLE `t_user`  (
  `id` bigint(20) NOT NULL AUTO_INCREMENT,
  `username` varchar(12) CHARACTER SET utf8 COLLATE utf8_general_ci NOT NULL,
  `password` varchar(128) CHARACTER SET utf8 COLLATE utf8_general_ci NOT NULL,
  `nickname` varchar(12) CHARACTER SET utf8 COLLATE utf8_general_ci NOT NULL,
  `email` varchar(64) CHARACTER SET utf8 COLLATE utf8_general_ci NULL DEFAULT NULL,
  `mobile` varchar(11) CHARACTER SET utf8 COLLATE utf8_general_ci NULL DEFAULT NULL,
  `sex` varchar(1) CHARACTER SET utf8 COLLATE utf8_general_ci NULL DEFAULT '男',
  `picture` varchar(255) CHARACTER SET utf8 COLLATE utf8_general_ci NULL DEFAULT NULL,
  `create_time` datetime NOT NULL,
  `update_time` datetime NULL DEFAULT NULL,
  `is_deleted` tinyint(1) NULL DEFAULT 0,
  PRIMARY KEY (`id`) USING BTREE,
  UNIQUE INDEX `username`(`username`) USING BTREE
) ENGINE = InnoDB AUTO_INCREMENT = 4 CHARACTER SET = utf8 COLLATE = utf8_general_ci ROW_FORMAT = Dynamic;

-- ----------------------------
-- Records of t_user
-- ----------------------------
INSERT INTO `t_user` VALUES (1, 'zero', '594940807a9d53f817d0d8647add05c7', 'zero', 'qianmeng6879@163.com', NULL, '男', NULL, '2022-05-10 08:47:14', '2022-05-10 18:54:56', 0);
INSERT INTO `t_user` VALUES (2, 'lisi', '594940807a9d53f817d0d8647add05c7', 'lisi', 'lisi@163.com', NULL, '男', NULL, '2022-05-10 08:47:14', NULL, 0);
INSERT INTO `t_user` VALUES (3, 'wangwu', '594940807a9d53f817d0d8647add05c7', 'wangwu', 'wangwu@163.com', NULL, '男', NULL, '2022-05-10 08:47:14', NULL, 0);

SET FOREIGN_KEY_CHECKS = 1;
